spec,auc_all,auc_farmland,core_mha,rank_vs_base,n_laggards,laggard_land_share,sales_bn,top5
base (version 2),0.972,0.906,70.1,1.0,18,0.3,15.7,"TUR, UKR, RUS, SRB, IRN"
strict test at 70% of vines,0.972,0.906,58.4,0.98,14,0.24,12.7,"TUR, RUS, UKR, SRB, IRN"
strict test at 80% of vines,0.972,0.906,98.5,0.91,21,0.4,21.5,"UKR, TUR, RUS, IRN, SRB"
farmland threshold 2%,0.972,0.906,70.7,1.0,19,0.3,15.6,"TUR, UKR, RUS, SRB, IRN"
farmland threshold 10%,0.972,0.906,68.2,0.99,18,0.3,15.9,"TUR, UKR, RUS, SRB, IRN"
trees only,0.97,0.901,68.0,0.95,14,0.28,14.8,"RUS, UKR, TUR, SRB, IRN"
envelope only,0.966,0.894,96.0,0.76,37,0.45,24.1,"TUR, IND, UKR, MMR, RUS"
version 1 training set (OSM 50% bar),0.967,0.888,95.1,0.88,23,0.4,21.8,"TUR, UKR, RUS, IRN, SRB"
vine threshold 0.25%,0.972,0.905,73.4,0.98,19,0.31,16.5,"TUR, RUS, UKR, IRN, SRB"
vine threshold 1.00%,0.97,0.903,79.8,0.97,21,0.36,19.6,"TUR, RUS, UKR, IRN, SRB"
continents weighted equally,0.968,0.895,80.0,0.77,27,0.36,18.2,"TUR, IRN, UKR, UZB, SRB"
no soil,0.972,0.907,70.1,0.93,17,0.28,14.8,"UKR, TUR, RUS, SRB, UZB"
irrigation counted everywhere,0.973,0.909,74.3,0.94,20,0.31,16.5,"UKR, TUR, RUS, IRN, SRB"
irrigation left out,0.962,0.88,102.5,0.83,20,0.4,21.6,"UKR, RUS, TUR, MAR, DZA"
"smaller trees, faster learning, new seed",0.971,0.904,73.945,0.979,19,0.327,17.446,"TUR, UKR, RUS, IRN, SRB"
