iso3,country,farmland_strict_ha,farmland_generous_ha,grapes_all_ha_2020,vineyards_mapped_osm_ha,wine_grapes_ha_2000,wine_grapes_ha_2023,wine_share_of_grapes,used_to_train_model
USA,United States,17090122.0,39992610.0,374041.0,248384.0,175710.0,235527.0,0.63,True
FRA,France,13524072.0,14606572.0,766310.0,859971.0,864846.0,858470.0,1.0,True
ESP,Spain,9806264.0,12295889.0,880278.0,418740.0,1181806.0,928105.0,1.0,False
TUR,Turkey,8448973.0,12132793.0,396991.0,6880.0,,13704.0,0.034,False
ITA,Italy,7088731.0,7234253.0,673982.0,258720.0,636662.0,650443.0,0.965,False
UKR,Ukraine,6291764.0,14636859.0,34919.0,24779.0,,15100.0,0.432,False
RUS,Russia,6144048.0,14449063.0,74829.0,61347.0,56332.0,56420.0,0.754,True
AUS,Australia,5882617.0,10169508.0,141769.0,82095.0,130602.0,144973.0,1.0,True
IRN,Iran,3863439.0,7724632.0,174253.0,13636.0,,,,False
DEU,Germany,3541229.0,5911742.0,100818.0,107930.0,104233.0,101577.0,1.0,True
HUN,Hungary,3486611.0,3933036.0,58400.0,82562.0,86886.0,55556.0,0.951,True
ROU,Romania,3447313.0,6382408.0,159838.0,318185.0,222173.0,178150.0,1.0,True
BGR,Bulgaria,2623378.0,3302422.0,37359.0,46879.0,95997.0,53686.0,1.0,True
GRC,Greece,2360044.0,2474116.0,97321.0,2849.0,50915.0,51954.0,0.534,False
SRB,Serbia,2170531.0,2225200.0,19525.0,10663.0,68999.0,6498.0,0.333,False
MDA,Moldova,1841215.0,1843490.0,106646.0,44770.0,89844.0,82600.0,0.774,False
ARG,Argentina,1630761.0,5285959.0,197613.0,241557.0,197418.0,206953.0,1.0,True
DZA,Algeria,1611676.0,2724924.0,66984.0,5486.0,30200.0,2324.0,0.035,False
MAR,Morocco,1469746.0,3009910.0,39417.0,3163.0,49600.0,6684.0,0.17,False
CZE,Czech Republic,1355873.0,1661773.0,13637.0,14994.0,11331.0,17700.0,1.0,True
PRT,Portugal,1310174.0,1367120.0,160759.0,99989.0,205003.0,188780.0,1.0,True
UZB,Uzbekistan,1027279.0,2280640.0,14987.0,2723.0,,,,False
SVK,Slovakia,896529.0,1042965.0,8039.0,16713.0,15580.0,11662.0,1.0,True
CHN,China,892843.0,7662557.0,724622.0,10322.0,,71200.0,0.098,False
AZE,Azerbaijan,857054.0,952936.0,15510.0,1439.0,,,,False
AUT,Austria,735774.0,837708.0,47088.0,44844.0,96992.0,43791.0,0.93,True
CHL,Chile,707297.0,833840.0,178767.0,100004.0,113966.0,129017.0,0.722,True
HRV,Croatia,626004.0,756018.0,18435.0,12791.0,59448.0,16239.0,0.881,True
IND,India,393795.0,845885.0,132451.0,220.0,,3240.0,0.024,False
BIH,Bosnia and Herzegovina,384319.0,531821.0,4616.0,3264.0,,,,False
TUN,Tunisia,330205.0,1090309.0,18012.0,1351.0,16836.0,5236.0,0.291,False
TJK,Tajikistan,292571.0,537930.0,29990.0,197.0,,,,False
AFG,Afghanistan,276343.0,903662.0,26748.0,4.0,,,,False
ZAF,South Africa,268853.0,431115.0,109426.0,154498.0,93656.0,90783.0,0.83,True
PAK,Pakistan,250151.0,1494954.0,14542.0,1.0,,,,False
MKD,North Macedonia,223501.0,308508.0,20678.0,2324.0,,30211.0,1.0,True
KOS,Kosovo,215349.0,223630.0,745.0,813.0,,,,False
KAZ,Kazakhstan,188654.0,823364.0,15511.0,299.0,,6938.0,0.447,False
GEO,Georgia,179041.0,325423.0,35666.0,8844.0,37419.0,48643.0,1.0,False
KGZ,Kyrgyzstan,178270.0,646494.0,7964.0,813.0,,,,False
CHE,Switzerland,162480.0,228651.0,14803.0,15374.0,15042.0,14606.0,0.987,True
ALB,Albania,162063.0,256670.0,9275.0,132.0,,8400.0,0.906,True
SVN,Slovenia,142828.0,171390.0,15238.0,24072.0,23472.0,14322.0,0.94,True
SYR,Syria,140169.0,297346.0,42187.0,129.0,,,,False
POL,Poland,127318.0,1390068.0,875.0,1014.0,,991.0,1.0,False
MEX,Mexico,118166.0,686520.0,34274.0,5851.0,,6831.0,0.199,False
LBN,Lebanon,95278.0,207345.0,6883.0,67.0,,4000.0,0.581,False
NZL,New Zealand,60467.0,163007.0,14212.0,41997.0,9942.0,41991.0,1.0,True
LBY,Libya,54470.0,155509.0,8068.0,329.0,,,,False
ARM,Armenia,40716.0,55624.0,13321.0,3896.0,11206.0,9538.0,0.716,True
JPN,Japan,38459.0,1006551.0,16535.0,3698.0,,6466.0,0.391,False
LUX,Luxembourg,31148.0,34853.0,1010.0,2166.0,1348.0,1249.0,1.0,True
YEM,Yemen,24192.0,293185.0,12283.0,2.0,,,,False
TKM,Turkmenistan,17286.0,920691.0,22918.0,15.0,,19749.0,0.862,False
KOR,South Korea,14757.0,768432.0,12479.0,37.0,5400.0,4050.0,0.325,False
BEL,Belgium,10446.0,20011.0,868.0,727.0,,1236.0,1.0,True
JOR,Jordan,8821.0,56091.0,3799.0,534.0,,,,False
PER,Peru,8344.0,231313.0,32598.0,10192.0,,3831.0,0.118,False
MNE,Montenegro,7342.0,17352.0,2170.0,2955.0,,,,False
ISR,Israel,7212.0,130981.0,6486.0,657.0,4851.0,6500.0,1.0,False
CYP,Cyprus,6727.0,10120.0,0.0,1087.0,18282.0,7097.0,1.0,False
ARE,United Arab Emirates,6230.0,18544.0,14.0,0.0,,,,False
NPL,Nepal,6061.0,221136.0,0.0,1.0,,,,False
SMR,San Marino,5234.0,5234.0,731.0,87.0,,,,False
PSX,Palestine,3715.0,44975.0,3581.0,640.0,,,,False
EGY,Egypt,2482.0,2876676.0,43802.0,0.0,,,,False
GBR,United Kingdom,2118.0,356854.0,464.0,3897.0,873.0,4209.0,1.0,True
LIE,Liechtenstein,1866.0,2551.0,210.0,223.0,,,,False
KEN,Kenya,1610.0,239778.0,4.0,0.0,,,,False
MCO,Monaco,1312.0,1312.0,9.0,0.0,,,,False
NAM,Namibia,96.0,413.0,2108.0,2026.0,,,,False
COL,Colombia,0.0,0.0,4009.0,746.0,,,,False
BRA,Brazil,0.0,76382.0,71994.0,4532.0,52840.0,49808.0,0.692,False
BOL,Bolivia,0.0,0.0,3380.0,734.0,,,,False
CAN,Canada,0.0,20831.0,11991.0,10131.0,8498.0,13580.0,1.0,True
ETH,Ethiopia,0.0,2406.0,2351.0,0.0,,169.0,0.072,False
BLR,Belarus,0.0,2453.0,3961.0,57.0,,,,False
IRQ,Iraq,0.0,8691.0,2232.0,506.0,,,,False
GTM,Guatemala,0.0,0.0,2539.0,1.0,,,,False
MDG,Madagascar,0.0,0.0,2525.0,233.0,,,,False
SAU,Saudi Arabia,0.0,87293.0,8718.0,6.0,,,,False
TWN,Taiwan,0.0,0.0,2481.0,7.0,2833.0,149.0,0.06,False
THA,Thailand,0.0,0.0,4397.0,105.0,,208.0,0.047,False
URY,Uruguay,0.0,20853.0,6655.0,906.0,8880.0,5906.0,0.887,False
TZA,Tanzania,0.0,0.0,1075.0,5.0,,,,False
VEN,Venezuela,0.0,0.0,1116.0,8.0,,,,False
