country,wine_grapes_ha_2000,wine_grapes_ha_2010,wine_grapes_ha_2016,wine_grapes_ha_2023,first_year,change_ha,change_pct,emerging
United Kingdom,873.0,1198.0,1839.0,4209.0,2000,3336.0,382.0,True
New Zealand,9942.0,31964.0,35463.0,41991.0,2000,32049.0,322.0,True
Norway,,,12.0,35.0,2016,22.0,180.0,False
China,,29545.0,178000.0,71200.0,2010,41655.0,141.0,True
Japan,,3715.0,3869.0,6466.0,2010,2751.0,74.0,True
Canada,8498.0,10096.0,12600.0,13580.0,2000,5082.0,60.0,False
Czechia,11331.0,16242.0,13600.0,17700.0,2000,6369.0,56.0,False
Thailand,,149.0,208.0,208.0,2010,59.0,39.0,False
Israel,4851.0,4851.0,5000.0,6500.0,2000,1649.0,34.0,False
United States,175710.0,227949.0,239632.0,235527.0,2000,59817.0,34.0,False
Georgia,37419.0,48001.0,48000.0,48643.0,2000,11224.0,30.0,False
Mexico,,5465.0,5465.0,6831.0,2010,1366.0,25.0,True
North Macedonia,,,24777.0,30211.0,2016,5434.0,22.0,True
India,,,2700.0,3240.0,2016,540.0,20.0,True
Chile,113966.0,111525.0,145873.0,129017.0,2000,15051.0,13.0,False
Australia,130602.0,151788.0,141668.0,144973.0,2000,14371.0,11.0,False
Turkiye,,12856.0,13704.0,13704.0,2010,848.0,7.0,True
Argentina,197418.0,213372.0,206342.0,206953.0,2000,9535.0,5.0,False
Greece,50915.0,54390.0,50845.0,51954.0,2000,1039.0,2.0,False
Italy,636662.0,625700.0,604551.0,650443.0,2000,13781.0,2.0,False
Kazakhstan,,6938.0,6938.0,6938.0,2010,0.0,0.0,True
Ethiopia,,169.0,169.0,169.0,2010,0.0,0.0,False
Cambodia,,,10.0,10.0,2016,0.0,0.0,False
Albania,,,,8400.0,2023,0.0,0.0,True
Belgium,,,,1236.0,2023,0.0,0.0,True
Lebanon,,,4000.0,4000.0,2016,0.0,0.0,True
Russia,56332.0,25628.0,50794.0,56420.0,2000,88.0,0.0,False
Peru,,3831.0,3831.0,3831.0,2010,0.0,0.0,True
Poland,,,,991.0,2023,0.0,0.0,False
Turkmenistan,,,,19749.0,2023,0.0,0.0,True
Sweden,,,,193.0,2023,0.0,0.0,False
Lithuania,,,,100.0,2023,0.0,0.0,False
France,864846.0,835554.0,814882.0,858470.0,2000,-6376.0,-1.0,False
South Africa,93656.0,101016.0,95775.0,90783.0,2000,-2872.0,-3.0,False
Switzerland,15042.0,14820.0,14793.0,14606.0,2000,-436.0,-3.0,False
Germany,104233.0,102135.0,94501.0,101577.0,2000,-2656.0,-3.0,False
Brazil,52840.0,49412.0,33205.0,49808.0,2000,-3032.0,-6.0,False
Myanmar,,75.0,70.0,70.0,2010,-5.0,-7.0,False
Luxembourg,1348.0,1304.0,1300.0,1249.0,2000,-99.0,-7.0,False
Portugal,205003.0,163522.0,182649.0,188780.0,2000,-16223.0,-8.0,False
Moldova,89844.0,89844.0,82600.0,82600.0,2000,-7244.0,-8.0,False
Armenia,11206.0,11206.0,14705.0,9538.0,2000,-1668.0,-15.0,False
Romania,222173.0,170292.0,182762.0,178150.0,2000,-44023.0,-20.0,False
Spain,1181806.0,1028258.0,883558.0,928105.0,2000,-253701.0,-21.0,False
"Korea, Rep.",5400.0,5400.0,5400.0,4050.0,2000,-1350.0,-25.0,False
Slovakia,15580.0,12637.0,7748.0,11662.0,2000,-3918.0,-25.0,False
Uruguay,8880.0,7657.0,6743.0,5906.0,2000,-2974.0,-33.0,False
Hungary,86886.0,69715.0,63881.0,55556.0,2000,-31330.0,-36.0,False
Slovenia,23472.0,16354.0,15989.0,14322.0,2000,-9150.0,-39.0,False
Bulgaria,95997.0,56133.0,52974.0,53686.0,2000,-42311.0,-44.0,False
Austria,96992.0,45533.0,45439.0,43791.0,2000,-53201.0,-55.0,False
Cyprus,18282.0,8608.0,7852.0,7097.0,2000,-11185.0,-61.0,False
Tunisia,16836.0,16836.0,3400.0,5236.0,2000,-11600.0,-69.0,False
Ukraine,,52293.0,25166.0,15100.0,2010,-37193.0,-71.0,False
Croatia,59448.0,20754.0,11746.0,16239.0,2000,-43209.0,-73.0,False
Morocco,49600.0,49000.0,17590.0,6684.0,2000,-42916.0,-87.0,False
Serbia,68999.0,68999.0,22014.0,6498.0,2000,-62501.0,-91.0,False
Algeria,30200.0,30200.0,8300.0,2324.0,2000,-27876.0,-92.0,False
Taiwan,2833.0,2833.0,149.0,149.0,2000,-2684.0,-95.0,False
