iso3,country,farmland_strict_ha,wine_grapes_ha_2023,share_of_world_strict_farmland,share_of_world_wine_grapes,wine_forgone_mhl_low,wine_forgone_mhl_central,wine_forgone_mhl_high,sales_forgone_usd_bn_low,sales_forgone_usd_bn_central,sales_forgone_usd_bn_high,capacity_new_wine_grapes_ha_low,capacity_new_wine_grapes_ha_central,capacity_new_wine_grapes_ha_high
TUR,Turkey,8448973.0,13704.0,0.0733,0.003,11.79,14.62,14.62,2.18,4.16,4.16,202731.0,505883.0,1850715.0
UKR,Ukraine,6291764.0,15100.0,0.0546,0.0033,8.6,10.67,14.03,1.59,3.03,3.99,146074.0,371825.0,2234113.0
RUS,Russia,6144048.0,56420.0,0.0533,0.0124,6.86,8.5,11.95,1.27,2.42,3.4,100970.0,321420.0,2163935.0
IRN,Iran,3863439.0,0.0,0.0335,0.0,5.62,6.97,7.77,1.04,1.98,2.21,98968.0,237590.0,1187027.0
SRB,Serbia,2170531.0,6498.0,0.0188,0.0014,2.92,3.62,3.62,0.54,1.03,1.03,49104.0,126984.0,335444.0
DZA,Algeria,1611676.0,2324.0,0.014,0.0005,2.26,2.8,2.8,0.42,0.8,0.8,38962.0,96789.0,416409.0
MAR,Morocco,1469746.0,6684.0,0.0128,0.0015,1.89,2.35,2.72,0.35,0.67,0.77,30966.0,83701.0,455842.0
UZB,Uzbekistan,1027279.0,0.0,0.0089,0.0,1.5,1.85,2.29,0.28,0.53,0.65,26315.0,63175.0,350461.0
CZE,Czech Republic,1355873.0,17700.0,0.0118,0.0039,1.32,1.64,1.64,0.24,0.46,0.46,17033.0,65682.0,237661.0
AZE,Azerbaijan,857054.0,0.0,0.0074,0.0,1.25,1.55,1.55,0.23,0.44,0.44,21955.0,52706.0,146436.0
SVK,Slovakia,896529.0,11662.0,0.0078,0.0026,0.87,1.08,1.08,0.16,0.31,0.31,11304.0,43472.0,148608.0
BIH,Bosnia and Herzegovina,384319.0,0.0,0.0033,0.0,0.56,0.69,0.69,0.1,0.2,0.2,9845.0,23634.0,81724.0
IND,India,393795.0,3240.0,0.0034,0.0007,0.45,0.56,0.7,0.08,0.16,0.2,6848.0,20977.0,126745.0
TJK,Tajikistan,292571.0,0.0,0.0025,0.0,0.43,0.53,0.54,0.08,0.15,0.15,7495.0,17992.0,82662.0
AFG,Afghanistan,276343.0,0.0,0.0024,0.0,0.4,0.5,0.91,0.07,0.14,0.26,7079.0,16994.0,138864.0
PAK,Pakistan,250151.0,0.0,0.0022,0.0,0.36,0.45,1.5,0.07,0.13,0.43,6408.0,15384.0,229726.0
KOS,Kosovo,215349.0,0.0,0.0019,0.0,0.31,0.39,0.39,0.06,0.11,0.11,5517.0,13243.0,34365.0
TUN,Tunisia,330205.0,5236.0,0.0029,0.0012,0.29,0.36,0.86,0.05,0.1,0.24,3223.0,15071.0,162309.0
KGZ,Kyrgyzstan,178270.0,0.0,0.0015,0.0,0.26,0.32,0.65,0.05,0.09,0.18,4567.0,10963.0,99345.0
SYR,Syria,140169.0,0.0,0.0012,0.0,0.2,0.25,0.3,0.04,0.07,0.08,3591.0,8620.0,45692.0
POL,Poland,127318.0,991.0,0.0011,0.0002,0.15,0.18,1.35,0.03,0.05,0.38,2271.0,6839.0,212618.0
