year,consumption_mhl,production_mhl,source
1961,222.7,213.1,Anderson and Pinilla (2025)
1962,229.0,277.3,Anderson and Pinilla (2025)
1963,225.4,245.8,Anderson and Pinilla (2025)
1964,228.4,274.7,Anderson and Pinilla (2025)
1965,232.1,275.8,Anderson and Pinilla (2025)
1966,233.8,261.7,Anderson and Pinilla (2025)
1967,239.1,276.7,Anderson and Pinilla (2025)
1968,249.6,274.9,Anderson and Pinilla (2025)
1969,256.9,266.6,Anderson and Pinilla (2025)
1970,265.9,296.3,Anderson and Pinilla (2025)
1971,271.4,284.1,Anderson and Pinilla (2025)
1972,278.4,262.7,Anderson and Pinilla (2025)
1973,284.3,347.7,Anderson and Pinilla (2025)
1974,279.1,330.2,Anderson and Pinilla (2025)
1975,285.4,305.7,Anderson and Pinilla (2025)
1976,281.5,311.3,Anderson and Pinilla (2025)
1977,280.4,278.5,Anderson and Pinilla (2025)
1978,283.0,287.9,Anderson and Pinilla (2025)
1979,281.4,367.0,Anderson and Pinilla (2025)
1980,288.8,343.2,Anderson and Pinilla (2025)
1981,279.6,308.8,Anderson and Pinilla (2025)
1982,277.9,364.9,Anderson and Pinilla (2025)
1983,278.7,340.4,Anderson and Pinilla (2025)
1984,279.6,314.9,Anderson and Pinilla (2025)
1985,262.7,288.6,Anderson and Pinilla (2025)
1986,237.0,312.7,Anderson and Pinilla (2025)
1987,238.5,315.5,Anderson and Pinilla (2025)
1988,238.1,267.3,Anderson and Pinilla (2025)
1989,234.5,281.9,Anderson and Pinilla (2025)
1990,235.9,276.9,Anderson and Pinilla (2025)
1991,224.0,249.7,Anderson and Pinilla (2025)
1992,217.8,288.3,Anderson and Pinilla (2025)
1993,216.4,252.5,Anderson and Pinilla (2025)
1994,212.7,252.0,Anderson and Pinilla (2025)
1995,214.2,254.8,Anderson and Pinilla (2025)
1996,214.6,264.1,Anderson and Pinilla (2025)
1997,222.5,253.6,Anderson and Pinilla (2025)
1998,219.5,253.1,Anderson and Pinilla (2025)
1999,219.6,269.4,Anderson and Pinilla (2025)
2000,226.0,279.0,Anderson and Pinilla (2025)
2001,228.0,265.0,Anderson and Pinilla (2025)
2002,230.0,257.0,Anderson and Pinilla (2025)
2003,237.0,264.0,Anderson and Pinilla (2025)
2004,237.0,298.0,Anderson and Pinilla (2025)
2005,239.0,278.0,Anderson and Pinilla (2025)
2006,243.0,283.0,Anderson and Pinilla (2025)
2007,250.0,268.0,Anderson and Pinilla (2025)
2008,250.0,269.0,Anderson and Pinilla (2025)
2009,244.0,273.0,Anderson and Pinilla (2025)
2010,244.0,264.0,Anderson and Pinilla (2025)
2011,243.0,268.0,Anderson and Pinilla (2025)
2012,244.0,258.0,Anderson and Pinilla (2025)
2013,244.4,292.0,Anderson and Pinilla (2025)
2014,239.1,270.0,Anderson and Pinilla (2025)
2015,241.4,277.0,Anderson and Pinilla (2025)
2016,244.6,270.0,Anderson and Pinilla (2025)
2017,246.2,248.0,Anderson and Pinilla (2025)
2018,241.1,294.0,Anderson and Pinilla (2025)
2019,236.0,259.0,Anderson and Pinilla (2025)
2020,231.0,262.8,Anderson and Pinilla (2025)
2021,234.0,259.7,Anderson and Pinilla (2025)
2022,229.0,263.7,Anderson and Pinilla (2025)
2024,213.8,225.6,OIV (2026); 2024 derived from the 2025 change
2025,208.0,227.0,OIV (2026); 2024 derived from the 2025 change
