Year,iran_inflation_pct,peer_median_pct,n_peers
2000,14.48,2.72,25
2001,11.27,3.62,26
2002,14.34,3.33,26
2003,16.47,3.0,26
2004,14.76,3.84,26
2005,13.43,4.51,26
2006,10.02,4.35,26
2007,17.34,4.6,26
2008,25.41,9.14,26
2009,13.55,4.65,26
2010,10.09,4.03,26
2011,26.29,4.5,26
2012,27.26,3.88,26
2013,36.6,3.24,26
2014,16.61,3.25,26
2015,12.48,3.22,26
2016,7.25,2.95,26
2017,8.04,2.41,26
2018,18.01,2.62,26
2019,39.91,2.19,26
2020,30.59,2.43,26
2021,43.39,2.77,26
2022,43.49,5.78,26
2023,44.58,4.45,26
2024,32.46,3.01,26
2025,42.17,2.38,24
