year,iran_index_2011_100,twin_index_2011_100,gap_2012_model,gap_2018_model
1995,65.62,65.96,-0.87,-1.18
1996,69.04,67.96,1.22,1.86
1997,69.14,69.14,-0.36,-0.27
1998,69.61,69.5,-0.2,-0.76
1999,70.0,70.23,-0.69,-0.66
2000,73.01,72.44,0.42,0.52
2001,73.61,74.29,-1.28,-0.97
2002,78.9,78.35,0.35,0.02
2003,84.77,81.96,3.02,3.2
2004,86.58,85.58,0.8,0.64
2005,87.38,88.68,-1.84,-1.88
2006,89.8,90.75,-1.42,-1.48
2007,95.55,93.34,1.98,2.24
2008,94.63,94.69,-0.42,-0.76
2009,94.4,94.67,-0.65,-0.99
2010,98.63,97.98,0.31,0.88
2011,100.0,100.0,-0.36,0.59
2012,95.06,101.46,-6.88,-5.2
2013,92.39,103.42,-11.64,-9.52
2014,95.71,106.13,-10.7,-7.8
2015,93.07,107.22,-14.52,-10.36
2016,99.83,107.49,-7.76,-1.82
2017,101.38,107.53,-6.25,0.82
2018,96.34,107.76,-11.56,-4.16
2019,93.06,107.98,-15.23,-7.42
2020,96.45,101.11,-5.08,3.08
2021,99.6,102.41,-3.14,4.67
2022,102.7,105.1,-2.68,5.37
2023,106.88,107.16,-0.62,9.24
2024,109.63,109.66,-0.38,10.84
2025,105.56,112.32,-6.57,5.39
