previous_result,split,group,games,excess_score_pp,se_pp
draw,all,all,4135329,0.807,0.027
loss,all,all,51662488,-0.384,0.007
win,all,all,56042303,1.187,0.007
draw,rating,1200-1599,1002513,1.018,0.05
loss,rating,1200-1599,15157698,-0.407,0.012
win,rating,1200-1599,16380552,1.469,0.012
draw,rating,1600-1999,1586621,0.712,0.041
loss,rating,1600-1999,19249573,-0.242,0.012
win,rating,1600-1999,20911628,0.823,0.013
draw,rating,2000 and over,1106928,0.76,0.054
loss,rating,2000 and over,10211180,-0.116,0.013
win,rating,2000 and over,11616508,0.829,0.016
draw,rating,under 1200,439267,0.789,0.067
loss,rating,under 1200,7044037,-1.108,0.018
win,rating,under 1200,7133615,2.188,0.025
draw,speed,blitz,2165249,0.601,0.03
loss,speed,blitz,23066820,-0.387,0.01
win,speed,blitz,25195164,1.001,0.01
draw,speed,bullet,1312153,1.365,0.045
loss,speed,bullet,21325563,-0.019,0.013
win,speed,bullet,23060498,1.118,0.012
draw,speed,rapid,657927,0.373,0.064
loss,speed,rapid,7270105,-1.442,0.02
win,speed,rapid,7786641,1.995,0.018
