split,group,pairs,first_stage,first_stage_se,reduced_form,reduced_form_se,loss_effect_pp,loss_effect_se,loss_gap_no_instrument_pp,loss_gap_no_instrument_se,median_gap_s,median_rest_s
all,all,97683611,-0.63087,0.00092,-0.00624,0.00117,-0.98928,0.18569,-2.71984,0.01153,,
speed,bullet,39911857,-0.62537,0.00175,0.00038,0.00172,0.0609,0.27439,-2.24789,0.0177,,
speed,blitz,44466559,-0.61187,0.00152,-0.00926,0.00162,-1.51273,0.26408,-2.45716,0.01378,,
speed,rapid,13305195,-0.67545,0.00154,-0.01333,0.00206,-1.97319,0.30533,-5.03102,0.02603,,
rating,under 1200,12221258,-0.65002,0.00181,-0.00632,0.00178,-0.97175,0.27505,-4.39671,0.03563,,
rating,1200-1599,28640347,-0.58842,0.00126,-0.00581,0.00158,-0.98694,0.26808,-3.31694,0.02073,,
rating,1600-1999,36827326,-0.598,0.00136,-0.00531,0.00153,-0.8877,0.25528,-2.17306,0.01975,,
rating,2000 and over,19994680,-0.77746,0.00285,-0.00918,0.0024,-1.18042,0.30813,-1.82219,0.02117,,
gap between starts,shortest third,32755937,-0.66355,0.00148,-0.0168,0.00165,-2.53118,0.24772,-3.20221,0.0197,123.0,23.0
gap between starts,middle third,32383723,-0.64178,0.00139,0.00114,0.00152,0.17691,0.23748,-2.57281,0.01992,323.0,33.0
gap between starts,longest third,32543951,-0.58534,0.0016,-0.00398,0.00178,-0.68017,0.30345,-2.29344,0.01893,615.0,150.0
placebo: next opponent,all,97779662,,,-0.00212,0.00089,,,,,,
specification 1.0,all,97683611,-0.27598,0.00146,0.0026,0.00147,0.94038,0.53091,-2.72221,0.01155,,
"specification 1.0, placebo",all,97779662,,,0.01721,0.00123,,,,,,
