bin,pairs,previous_opponent_hidden_strength_pp,previous_score_pct,previous_excess_score_pp,next_excess_score_pp,next_se_pp
1,4278848,-12.368,59.489,7.17,0.09,0.024
2,4304566,-6.661,56.444,4.039,0.06,0.024
3,4308444,-5.015,55.419,3.09,0.051,0.024
4,4311391,-3.942,54.77,2.516,-0.018,0.024
5,4302349,-3.114,54.229,2.04,0.082,0.024
6,4296322,-2.42,53.748,1.618,0.036,0.024
7,4299978,-1.807,53.33,1.241,0.062,0.024
8,4317392,-1.242,52.949,0.902,-0.011,0.024
9,4308281,-0.708,52.634,0.624,-0.005,0.024
10,4277741,-0.193,52.18,0.203,0.005,0.024
11,4297605,0.319,51.844,-0.094,0.007,0.024
12,4333908,0.841,51.505,-0.403,-0.004,0.023
13,4291285,1.383,51.143,-0.733,-0.034,0.024
14,4191088,1.95,50.722,-1.123,0.006,0.024
15,4397468,2.581,50.32,-1.51,-0.053,0.023
16,4313817,3.312,49.832,-1.976,0.01,0.024
17,4300022,4.187,49.278,-2.509,-0.04,0.024
18,4310308,5.342,48.654,-3.129,-0.045,0.024
19,4294119,7.16,47.736,-4.06,-0.09,0.024
20,4292304,13.454,44.021,-7.891,-0.107,0.024
