scenario,month,date,sim_destroyed,real_destroyed,n_alive_fighters,cumulative_fighter_deaths,sim_share_of_real
worst,1,2023-11-07,6360,10049,6919,8081,0.6329
worst,9,2024-07-06,10355,46223,2846,12154,0.224
worst,14,2024-12-01,10939,60368,2305,12695,0.1812
worst,21,2025-07-08,11385,102067,1888,13112,0.1115
worst,24,2025-10-11,11500,123464,1786,13214,0.0931
worst,32,2026-06-16,11724,134422,1578,13422,0.0872
reasonable,1,2023-11-07,1733,10049,24479,1041,0.1725
reasonable,9,2024-07-06,12748,46223,21945,7735,0.2758
reasonable,14,2024-12-01,18083,60368,21268,11012,0.2995
reasonable,21,2025-07-08,24290,102067,21174,14746,0.238
reasonable,24,2025-10-11,26658,123464,21299,16181,0.2159
reasonable,32,2026-06-16,32372,134422,21941,19699,0.2408
best,1,2023-11-07,2007,10049,40411,589,0.1997
best,9,2024-07-06,17552,46223,43748,5252,0.3797
best,14,2024-12-01,27236,60368,45821,8179,0.4512
best,21,2025-07-08,40676,102067,48718,12282,0.3985
best,24,2025-10-11,46466,123464,49993,14007,0.3764
best,32,2026-06-16,57424,134422,54638,17362,0.4272
