area_fraction,fighters,movement_mode,p_move,r_blast,assessment_date,sim_destroyed,real_destroyed,sim_share_of_real
1.0,20000,global,0.25,0,2023-11-07,19262,10049,1.9168
1.0,20000,global,0.25,0,2024-07-06,53007,46223,1.1468
1.0,20000,global,0.25,0,2024-12-01,71553,60368,1.1853
1.0,20000,global,0.25,0,2025-07-08,94625,102067,0.9271
1.0,20000,global,0.25,0,2025-10-11,103517,123464,0.8384
1.0,20000,global,0.25,0,2026-06-16,124808,134422,0.9285
1.0,20000,global,0.25,1,2023-11-07,82377,10049,8.1975
1.0,20000,global,0.25,1,2024-07-06,172830,46223,3.739
1.0,20000,global,0.25,1,2024-12-01,201515,60368,3.3381
1.0,20000,global,0.25,1,2025-07-08,223668,102067,2.1914
1.0,20000,global,0.25,1,2025-10-11,229259,123464,1.8569
1.0,20000,global,0.25,1,2026-06-16,238125,134422,1.7715
1.0,20000,global,0.5,0,2023-11-07,19170,10049,1.9077
1.0,20000,global,0.5,0,2024-07-06,81857,46223,1.7709
1.0,20000,global,0.5,0,2024-12-01,112013,60368,1.8555
1.0,20000,global,0.5,0,2025-07-08,145117,102067,1.4218
1.0,20000,global,0.5,0,2025-10-11,156589,123464,1.2683
1.0,20000,global,0.5,0,2026-06-16,181517,134422,1.3504
1.0,20000,global,0.5,1,2023-11-07,82173,10049,8.1772
1.0,20000,global,0.5,1,2024-07-06,213047,46223,4.6091
1.0,20000,global,0.5,1,2024-12-01,233551,60368,3.8688
1.0,20000,global,0.5,1,2025-07-08,242345,102067,2.3744
1.0,20000,global,0.5,1,2025-10-11,243533,123464,1.9725
1.0,20000,global,0.5,1,2026-06-16,244722,134422,1.8206
1.0,20000,global,1.0,0,2023-11-07,19226,10049,1.9132
1.0,20000,global,1.0,0,2024-07-06,127424,46223,2.7567
1.0,20000,global,1.0,0,2024-12-01,166786,60368,2.7628
1.0,20000,global,1.0,0,2025-07-08,200808,102067,1.9674
1.0,20000,global,1.0,0,2025-10-11,210362,123464,1.7038
1.0,20000,global,1.0,0,2026-06-16,226925,134422,1.6882
1.0,20000,global,1.0,1,2023-11-07,82234,10049,8.1833
1.0,20000,global,1.0,1,2024-07-06,238691,46223,5.1639
1.0,20000,global,1.0,1,2024-12-01,244208,60368,4.0453
1.0,20000,global,1.0,1,2025-07-08,244983,102067,2.4002
1.0,20000,global,1.0,1,2025-10-11,245006,123464,1.9844
1.0,20000,global,1.0,1,2026-06-16,245024,134422,1.8228
1.0,20000,local,0.25,0,2023-11-07,19248,10049,1.9154
1.0,20000,local,0.25,0,2024-07-06,53105,46223,1.1489
1.0,20000,local,0.25,0,2024-12-01,71257,60368,1.1804
1.0,20000,local,0.25,0,2025-07-08,94070,102067,0.9216
1.0,20000,local,0.25,0,2025-10-11,102816,123464,0.8328
1.0,20000,local,0.25,0,2026-06-16,123666,134422,0.92
1.0,20000,local,0.25,1,2023-11-07,81966,10049,8.1566
1.0,20000,local,0.25,1,2024-07-06,170832,46223,3.6958
1.0,20000,local,0.25,1,2024-12-01,199324,60368,3.3018
1.0,20000,local,0.25,1,2025-07-08,221566,102067,2.1708
1.0,20000,local,0.25,1,2025-10-11,227458,123464,1.8423
1.0,20000,local,0.25,1,2026-06-16,236802,134422,1.7616
1.0,20000,local,0.5,0,2023-11-07,19197,10049,1.9103
1.0,20000,local,0.5,0,2024-07-06,81715,46223,1.7678
1.0,20000,local,0.5,0,2024-12-01,111082,60368,1.8401
1.0,20000,local,0.5,0,2025-07-08,143255,102067,1.4035
1.0,20000,local,0.5,0,2025-10-11,154553,123464,1.2518
1.0,20000,local,0.5,0,2026-06-16,178949,134422,1.3312
1.0,20000,local,0.5,1,2023-11-07,81892,10049,8.1493
1.0,20000,local,0.5,1,2024-07-06,211226,46223,4.5697
1.0,20000,local,0.5,1,2024-12-01,231893,60368,3.8413
1.0,20000,local,0.5,1,2025-07-08,241538,102067,2.3665
1.0,20000,local,0.5,1,2025-10-11,243066,123464,1.9687
1.0,20000,local,0.5,1,2026-06-16,244579,134422,1.8195
1.0,20000,local,1.0,0,2023-11-07,19216,10049,1.9122
1.0,20000,local,1.0,0,2024-07-06,125877,46223,2.7233
1.0,20000,local,1.0,0,2024-12-01,164346,60368,2.7224
1.0,20000,local,1.0,0,2025-07-08,198101,102067,1.9409
1.0,20000,local,1.0,0,2025-10-11,207925,123464,1.6841
1.0,20000,local,1.0,0,2026-06-16,225101,134422,1.6746
1.0,20000,local,1.0,1,2023-11-07,82041,10049,8.1641
1.0,20000,local,1.0,1,2024-07-06,237655,46223,5.1415
1.0,20000,local,1.0,1,2024-12-01,243894,60368,4.0401
1.0,20000,local,1.0,1,2025-07-08,244946,102067,2.3999
1.0,20000,local,1.0,1,2025-10-11,244994,123464,1.9843
1.0,20000,local,1.0,1,2026-06-16,245024,134422,1.8228
1.0,30000,global,0.25,0,2023-11-07,28236,10049,2.8098
1.0,30000,global,0.25,0,2024-07-06,75305,46223,1.6292
1.0,30000,global,0.25,0,2024-12-01,99565,60368,1.6493
1.0,30000,global,0.25,0,2025-07-08,127779,102067,1.2519
1.0,30000,global,0.25,0,2025-10-11,138046,123464,1.1181
1.0,30000,global,0.25,0,2026-06-16,161326,134422,1.2001
1.0,30000,global,0.25,1,2023-11-07,112114,10049,11.1567
1.0,30000,global,0.25,1,2024-07-06,206024,46223,4.4572
1.0,30000,global,0.25,1,2024-12-01,226847,60368,3.7577
1.0,30000,global,0.25,1,2025-07-08,238945,102067,2.3411
1.0,30000,global,0.25,1,2025-10-11,241208,123464,1.9537
1.0,30000,global,0.25,1,2026-06-16,243895,134422,1.8144
1.0,30000,global,0.5,0,2023-11-07,28250,10049,2.8112
1.0,30000,global,0.5,0,2024-07-06,112303,46223,2.4296
1.0,30000,global,0.5,0,2024-12-01,146952,60368,2.4343
1.0,30000,global,0.5,0,2025-07-08,181139,102067,1.7747
1.0,30000,global,0.5,0,2025-10-11,191852,123464,1.5539
1.0,30000,global,0.5,0,2026-06-16,212384,134422,1.58
1.0,30000,global,0.5,1,2023-11-07,112015,10049,11.1469
1.0,30000,global,0.5,1,2024-07-06,233470,46223,5.0509
1.0,30000,global,0.5,1,2024-12-01,242469,60368,4.0165
1.0,30000,global,0.5,1,2025-07-08,244732,102067,2.3978
1.0,30000,global,0.5,1,2025-10-11,244917,123464,1.9837
1.0,30000,global,0.5,1,2026-06-16,245014,134422,1.8227
1.0,30000,global,1.0,0,2023-11-07,28338,10049,2.82
1.0,30000,global,1.0,0,2024-07-06,163419,46223,3.5354
1.0,30000,global,1.0,0,2024-12-01,200615,60368,3.3232
1.0,30000,global,1.0,0,2025-07-08,226156,102067,2.2158
1.0,30000,global,1.0,0,2025-10-11,232014,123464,1.8792
1.0,30000,global,1.0,0,2026-06-16,240150,134422,1.7865
1.0,30000,global,1.0,1,2023-11-07,112009,10049,11.1463
1.0,30000,global,1.0,1,2024-07-06,244119,46223,5.2813
1.0,30000,global,1.0,1,2024-12-01,244978,60368,4.0581
1.0,30000,global,1.0,1,2025-07-08,245023,102067,2.4006
1.0,30000,global,1.0,1,2025-10-11,245025,123464,1.9846
1.0,30000,global,1.0,1,2026-06-16,245025,134422,1.8228
1.0,30000,local,0.25,0,2023-11-07,28190,10049,2.8053
1.0,30000,local,0.25,0,2024-07-06,74992,46223,1.6224
1.0,30000,local,0.25,0,2024-12-01,98642,60368,1.634
1.0,30000,local,0.25,0,2025-07-08,126086,102067,1.2353
1.0,30000,local,0.25,0,2025-10-11,136178,123464,1.103
1.0,30000,local,0.25,0,2026-06-16,159183,134422,1.1842
1.0,30000,local,0.25,1,2023-11-07,111732,10049,11.1187
1.0,30000,local,0.25,1,2024-07-06,204522,46223,4.4247
1.0,30000,local,0.25,1,2024-12-01,225581,60368,3.7368
1.0,30000,local,0.25,1,2025-07-08,237681,102067,2.3287
1.0,30000,local,0.25,1,2025-10-11,240242,123464,1.9458
1.0,30000,local,0.25,1,2026-06-16,243429,134422,1.8109
1.0,30000,local,0.5,0,2023-11-07,28285,10049,2.8147
1.0,30000,local,0.5,0,2024-07-06,111329,46223,2.4085
1.0,30000,local,0.5,0,2024-12-01,145641,60368,2.4126
1.0,30000,local,0.5,0,2025-07-08,179326,102067,1.7569
1.0,30000,local,0.5,0,2025-10-11,189837,123464,1.5376
1.0,30000,local,0.5,0,2026-06-16,210422,134422,1.5654
1.0,30000,local,0.5,1,2023-11-07,112230,10049,11.1683
1.0,30000,local,0.5,1,2024-07-06,232284,46223,5.0253
1.0,30000,local,0.5,1,2024-12-01,241924,60368,4.0075
1.0,30000,local,0.5,1,2025-07-08,244575,102067,2.3962
1.0,30000,local,0.5,1,2025-10-11,244830,123464,1.983
1.0,30000,local,0.5,1,2026-06-16,244993,134422,1.8226
1.0,30000,local,1.0,0,2023-11-07,28271,10049,2.8133
1.0,30000,local,1.0,0,2024-07-06,161903,46223,3.5027
1.0,30000,local,1.0,0,2024-12-01,198859,60368,3.2941
1.0,30000,local,1.0,0,2025-07-08,224634,102067,2.2008
1.0,30000,local,1.0,0,2025-10-11,230568,123464,1.8675
1.0,30000,local,1.0,0,2026-06-16,239199,134422,1.7795
1.0,30000,local,1.0,1,2023-11-07,112039,10049,11.1493
1.0,30000,local,1.0,1,2024-07-06,243653,46223,5.2713
1.0,30000,local,1.0,1,2024-12-01,244939,60368,4.0574
1.0,30000,local,1.0,1,2025-07-08,245024,102067,2.4006
1.0,30000,local,1.0,1,2025-10-11,245025,123464,1.9846
1.0,30000,local,1.0,1,2026-06-16,245025,134422,1.8228
1.0,40000,global,0.25,0,2023-11-07,36894,10049,3.6714
1.0,40000,global,0.25,0,2024-07-06,94967,46223,2.0545
1.0,40000,global,0.25,0,2024-12-01,123064,60368,2.0386
1.0,40000,global,0.25,0,2025-07-08,152976,102067,1.4988
1.0,40000,global,0.25,0,2025-10-11,163556,123464,1.3247
1.0,40000,global,0.25,0,2026-06-16,186421,134422,1.3868
1.0,40000,global,0.25,1,2023-11-07,136720,10049,13.6053
1.0,40000,global,0.25,1,2024-07-06,223401,46223,4.8331
1.0,40000,global,0.25,1,2024-12-01,237175,60368,3.9288
1.0,40000,global,0.25,1,2025-07-08,243128,102067,2.382
1.0,40000,global,0.25,1,2025-10-11,243970,123464,1.976
1.0,40000,global,0.25,1,2026-06-16,244787,134422,1.821
1.0,40000,global,0.5,0,2023-11-07,36865,10049,3.6685
1.0,40000,global,0.5,0,2024-07-06,136330,46223,2.9494
1.0,40000,global,0.5,0,2024-12-01,172591,60368,2.859
1.0,40000,global,0.5,0,2025-07-08,203965,102067,1.9983
1.0,40000,global,0.5,0,2025-10-11,212873,123464,1.7242
1.0,40000,global,0.5,0,2026-06-16,228362,134422,1.6988
1.0,40000,global,0.5,1,2023-11-07,136594,10049,13.5928
1.0,40000,global,0.5,1,2024-07-06,240877,46223,5.2112
1.0,40000,global,0.5,1,2024-12-01,244480,60368,4.0498
1.0,40000,global,0.5,1,2025-07-08,244996,102067,2.4003
1.0,40000,global,0.5,1,2025-10-11,245019,123464,1.9845
1.0,40000,global,0.5,1,2026-06-16,245025,134422,1.8228
1.0,40000,global,1.0,0,2023-11-07,36931,10049,3.6751
1.0,40000,global,1.0,0,2024-07-06,188980,46223,4.0884
1.0,40000,global,1.0,0,2024-12-01,220328,60368,3.6497
1.0,40000,global,1.0,0,2025-07-08,237262,102067,2.3246
1.0,40000,global,1.0,0,2025-10-11,240258,123464,1.946
1.0,40000,global,1.0,0,2026-06-16,243742,134422,1.8133
1.0,40000,global,1.0,1,2023-11-07,136561,10049,13.5895
1.0,40000,global,1.0,1,2024-07-06,244865,46223,5.2975
1.0,40000,global,1.0,1,2024-12-01,245024,60368,4.0588
1.0,40000,global,1.0,1,2025-07-08,245025,102067,2.4006
1.0,40000,global,1.0,1,2025-10-11,245025,123464,1.9846
1.0,40000,global,1.0,1,2026-06-16,245025,134422,1.8228
1.0,40000,local,0.25,0,2023-11-07,36835,10049,3.6655
1.0,40000,local,0.25,0,2024-07-06,94454,46223,2.0434
1.0,40000,local,0.25,0,2024-12-01,121591,60368,2.0142
1.0,40000,local,0.25,0,2025-07-08,151376,102067,1.4831
1.0,40000,local,0.25,0,2025-10-11,161815,123464,1.3106
1.0,40000,local,0.25,0,2026-06-16,184438,134422,1.3721
1.0,40000,local,0.25,1,2023-11-07,136687,10049,13.602
1.0,40000,local,0.25,1,2024-07-06,222766,46223,4.8194
1.0,40000,local,0.25,1,2024-12-01,236499,60368,3.9176
1.0,40000,local,0.25,1,2025-07-08,242796,102067,2.3788
1.0,40000,local,0.25,1,2025-10-11,243789,123464,1.9746
1.0,40000,local,0.25,1,2026-06-16,244727,134422,1.8206
1.0,40000,local,0.5,0,2023-11-07,36886,10049,3.6706
1.0,40000,local,0.5,0,2024-07-06,135498,46223,2.9314
1.0,40000,local,0.5,0,2024-12-01,171106,60368,2.8344
1.0,40000,local,0.5,0,2025-07-08,202266,102067,1.9817
1.0,40000,local,0.5,0,2025-10-11,211220,123464,1.7108
1.0,40000,local,0.5,0,2026-06-16,226833,134422,1.6875
1.0,40000,local,0.5,1,2023-11-07,136695,10049,13.6028
1.0,40000,local,0.5,1,2024-07-06,240128,46223,5.195
1.0,40000,local,0.5,1,2024-12-01,244257,60368,4.0461
1.0,40000,local,0.5,1,2025-07-08,244964,102067,2.4
1.0,40000,local,0.5,1,2025-10-11,245006,123464,1.9844
1.0,40000,local,0.5,1,2026-06-16,245025,134422,1.8228
1.0,40000,local,1.0,0,2023-11-07,36987,10049,3.6807
1.0,40000,local,1.0,0,2024-07-06,186498,46223,4.0347
1.0,40000,local,1.0,0,2024-12-01,218280,60368,3.6158
1.0,40000,local,1.0,0,2025-07-08,235929,102067,2.3115
1.0,40000,local,1.0,0,2025-10-11,239221,123464,1.9376
1.0,40000,local,1.0,0,2026-06-16,243318,134422,1.8101
1.0,40000,local,1.0,1,2023-11-07,136640,10049,13.5974
1.0,40000,local,1.0,1,2024-07-06,244778,46223,5.2956
1.0,40000,local,1.0,1,2024-12-01,245015,60368,4.0587
1.0,40000,local,1.0,1,2025-07-08,245025,102067,2.4006
1.0,40000,local,1.0,1,2025-10-11,245025,123464,1.9846
1.0,40000,local,1.0,1,2026-06-16,245025,134422,1.8228
0.25,20000,global,0.25,0,2023-11-07,17157,10049,1.7073
0.25,20000,global,0.25,0,2024-07-06,38230,46223,0.8271
0.25,20000,global,0.25,0,2024-12-01,45992,60368,0.7619
0.25,20000,global,0.25,0,2025-07-08,52676,102067,0.5161
0.25,20000,global,0.25,0,2025-10-11,54601,123464,0.4422
0.25,20000,global,0.25,0,2026-06-16,57964,134422,0.4312
0.25,20000,global,0.25,1,2023-11-07,49387,10049,4.9146
0.25,20000,global,0.25,1,2024-07-06,61624,46223,1.3332
0.25,20000,global,0.25,1,2024-12-01,62182,60368,1.03
0.25,20000,global,0.25,1,2025-07-08,62359,102067,0.611
0.25,20000,global,0.25,1,2025-10-11,62392,123464,0.5053
0.25,20000,global,0.25,1,2026-06-16,62436,134422,0.4645
0.25,20000,global,0.5,0,2023-11-07,17007,10049,1.6924
0.25,20000,global,0.5,0,2024-07-06,49323,46223,1.0671
0.25,20000,global,0.5,0,2024-12-01,56122,60368,0.9297
0.25,20000,global,0.5,0,2025-07-08,59799,102067,0.5859
0.25,20000,global,0.5,0,2025-10-11,60480,123464,0.4899
0.25,20000,global,0.5,0,2026-06-16,61244,134422,0.4556
0.25,20000,global,0.5,1,2023-11-07,49479,10049,4.9238
0.25,20000,global,0.5,1,2024-07-06,62281,46223,1.3474
0.25,20000,global,0.5,1,2024-12-01,62409,60368,1.0338
0.25,20000,global,0.5,1,2025-07-08,62469,102067,0.612
0.25,20000,global,0.5,1,2025-10-11,62479,123464,0.5061
0.25,20000,global,0.5,1,2026-06-16,62494,134422,0.4649
0.25,20000,global,1.0,0,2023-11-07,17082,10049,1.6999
0.25,20000,global,1.0,0,2024-07-06,58197,46223,1.259
0.25,20000,global,1.0,0,2024-12-01,60827,60368,1.0076
0.25,20000,global,1.0,0,2025-07-08,61428,102067,0.6018
0.25,20000,global,1.0,0,2025-10-11,61468,123464,0.4979
0.25,20000,global,1.0,0,2026-06-16,61501,134422,0.4575
0.25,20000,global,1.0,1,2023-11-07,49439,10049,4.9198
0.25,20000,global,1.0,1,2024-07-06,62446,46223,1.351
0.25,20000,global,1.0,1,2024-12-01,62487,60368,1.0351
0.25,20000,global,1.0,1,2025-07-08,62495,102067,0.6123
0.25,20000,global,1.0,1,2025-10-11,62496,123464,0.5062
0.25,20000,global,1.0,1,2026-06-16,62496,134422,0.4649
0.25,20000,local,0.25,0,2023-11-07,17150,10049,1.7066
0.25,20000,local,0.25,0,2024-07-06,37979,46223,0.8216
0.25,20000,local,0.25,0,2024-12-01,45443,60368,0.7528
0.25,20000,local,0.25,0,2025-07-08,52005,102067,0.5095
0.25,20000,local,0.25,0,2025-10-11,53969,123464,0.4371
0.25,20000,local,0.25,0,2026-06-16,57415,134422,0.4271
0.25,20000,local,0.25,1,2023-11-07,49548,10049,4.9306
0.25,20000,local,0.25,1,2024-07-06,61859,46223,1.3383
0.25,20000,local,0.25,1,2024-12-01,62374,60368,1.0332
0.25,20000,local,0.25,1,2025-07-08,62485,102067,0.6122
0.25,20000,local,0.25,1,2025-10-11,62491,123464,0.5061
0.25,20000,local,0.25,1,2026-06-16,62495,134422,0.4649
0.25,20000,local,0.5,0,2023-11-07,17083,10049,1.7
0.25,20000,local,0.5,0,2024-07-06,48827,46223,1.0563
0.25,20000,local,0.5,0,2024-12-01,55553,60368,0.9202
0.25,20000,local,0.5,0,2025-07-08,59461,102067,0.5826
0.25,20000,local,0.5,0,2025-10-11,60199,123464,0.4876
0.25,20000,local,0.5,0,2026-06-16,61081,134422,0.4544
0.25,20000,local,0.5,1,2023-11-07,49673,10049,4.9431
0.25,20000,local,0.5,1,2024-07-06,62457,46223,1.3512
0.25,20000,local,0.5,1,2024-12-01,62494,60368,1.0352
0.25,20000,local,0.5,1,2025-07-08,62496,102067,0.6123
0.25,20000,local,0.5,1,2025-10-11,62496,123464,0.5062
0.25,20000,local,0.5,1,2026-06-16,62496,134422,0.4649
0.25,20000,local,1.0,0,2023-11-07,17150,10049,1.7066
0.25,20000,local,1.0,0,2024-07-06,57747,46223,1.2493
0.25,20000,local,1.0,0,2024-12-01,60646,60368,1.0046
0.25,20000,local,1.0,0,2025-07-08,61390,102067,0.6015
0.25,20000,local,1.0,0,2025-10-11,61447,123464,0.4977
0.25,20000,local,1.0,0,2026-06-16,61498,134422,0.4575
0.25,20000,local,1.0,1,2023-11-07,49661,10049,4.9419
0.25,20000,local,1.0,1,2024-07-06,62496,46223,1.3521
0.25,20000,local,1.0,1,2024-12-01,62496,60368,1.0353
0.25,20000,local,1.0,1,2025-07-08,62496,102067,0.6123
0.25,20000,local,1.0,1,2025-10-11,62496,123464,0.5062
0.25,20000,local,1.0,1,2026-06-16,62496,134422,0.4649
0.25,30000,global,0.25,0,2023-11-07,23748,10049,2.3632
0.25,30000,global,0.25,0,2024-07-06,47335,46223,1.0241
0.25,30000,global,0.25,0,2024-12-01,53831,60368,0.8917
0.25,30000,global,0.25,0,2025-07-08,58225,102067,0.5705
0.25,30000,global,0.25,0,2025-10-11,59255,123464,0.4799
0.25,30000,global,0.25,0,2026-06-16,60617,134422,0.4509
0.25,30000,global,0.25,1,2023-11-07,56409,10049,5.6134
0.25,30000,global,0.25,1,2024-07-06,62227,46223,1.3462
0.25,30000,global,0.25,1,2024-12-01,62372,60368,1.0332
0.25,30000,global,0.25,1,2025-07-08,62445,102067,0.6118
0.25,30000,global,0.25,1,2025-10-11,62463,123464,0.5059
0.25,30000,global,0.25,1,2026-06-16,62485,134422,0.4648
0.25,30000,global,0.5,0,2023-11-07,23740,10049,2.3624
0.25,30000,global,0.5,0,2024-07-06,56137,46223,1.2145
0.25,30000,global,0.5,0,2024-12-01,59880,60368,0.9919
0.25,30000,global,0.5,0,2025-07-08,61221,102067,0.5998
0.25,30000,global,0.5,0,2025-10-11,61371,123464,0.4971
0.25,30000,global,0.5,0,2026-06-16,61492,134422,0.4575
0.25,30000,global,0.5,1,2023-11-07,56371,10049,5.6096
0.25,30000,global,0.5,1,2024-07-06,62408,46223,1.3502
0.25,30000,global,0.5,1,2024-12-01,62478,60368,1.035
0.25,30000,global,0.5,1,2025-07-08,62491,102067,0.6123
0.25,30000,global,0.5,1,2025-10-11,62492,123464,0.5062
0.25,30000,global,0.5,1,2026-06-16,62496,134422,0.4649
0.25,30000,global,1.0,0,2023-11-07,23734,10049,2.3618
0.25,30000,global,1.0,0,2024-07-06,60734,46223,1.3139
0.25,30000,global,1.0,0,2024-12-01,61433,60368,1.0176
0.25,30000,global,1.0,0,2025-07-08,61504,102067,0.6026
0.25,30000,global,1.0,0,2025-10-11,61504,123464,0.4982
0.25,30000,global,1.0,0,2026-06-16,61504,134422,0.4575
0.25,30000,global,1.0,1,2023-11-07,56523,10049,5.6247
0.25,30000,global,1.0,1,2024-07-06,62478,46223,1.3517
0.25,30000,global,1.0,1,2024-12-01,62496,60368,1.0353
0.25,30000,global,1.0,1,2025-07-08,62496,102067,0.6123
0.25,30000,global,1.0,1,2025-10-11,62496,123464,0.5062
0.25,30000,global,1.0,1,2026-06-16,62496,134422,0.4649
0.25,30000,local,0.25,0,2023-11-07,23747,10049,2.3631
0.25,30000,local,0.25,0,2024-07-06,46861,46223,1.0138
0.25,30000,local,0.25,0,2024-12-01,53248,60368,0.8821
0.25,30000,local,0.25,0,2025-07-08,57822,102067,0.5665
0.25,30000,local,0.25,0,2025-10-11,58886,123464,0.4769
0.25,30000,local,0.25,0,2026-06-16,60453,134422,0.4497
0.25,30000,local,0.25,1,2023-11-07,56618,10049,5.6342
0.25,30000,local,0.25,1,2024-07-06,62416,46223,1.3503
0.25,30000,local,0.25,1,2024-12-01,62492,60368,1.0352
0.25,30000,local,0.25,1,2025-07-08,62496,102067,0.6123
0.25,30000,local,0.25,1,2025-10-11,62496,123464,0.5062
0.25,30000,local,0.25,1,2026-06-16,62496,134422,0.4649
0.25,30000,local,0.5,0,2023-11-07,23649,10049,2.3534
0.25,30000,local,0.5,0,2024-07-06,55577,46223,1.2024
0.25,30000,local,0.5,0,2024-12-01,59497,60368,0.9856
0.25,30000,local,0.5,0,2025-07-08,61067,102067,0.5983
0.25,30000,local,0.5,0,2025-10-11,61282,123464,0.4964
0.25,30000,local,0.5,0,2026-06-16,61459,134422,0.4572
0.25,30000,local,0.5,1,2023-11-07,56573,10049,5.6297
0.25,30000,local,0.5,1,2024-07-06,62494,46223,1.352
0.25,30000,local,0.5,1,2024-12-01,62496,60368,1.0353
0.25,30000,local,0.5,1,2025-07-08,62496,102067,0.6123
0.25,30000,local,0.5,1,2025-10-11,62496,123464,0.5062
0.25,30000,local,0.5,1,2026-06-16,62496,134422,0.4649
0.25,30000,local,1.0,0,2023-11-07,23695,10049,2.3579
0.25,30000,local,1.0,0,2024-07-06,60542,46223,1.3098
0.25,30000,local,1.0,0,2024-12-01,61390,60368,1.0169
0.25,30000,local,1.0,0,2025-07-08,61497,102067,0.6025
0.25,30000,local,1.0,0,2025-10-11,61501,123464,0.4981
0.25,30000,local,1.0,0,2026-06-16,61504,134422,0.4575
0.25,30000,local,1.0,1,2023-11-07,56420,10049,5.6145
0.25,30000,local,1.0,1,2024-07-06,62496,46223,1.3521
0.25,30000,local,1.0,1,2024-12-01,62496,60368,1.0353
0.25,30000,local,1.0,1,2025-07-08,62496,102067,0.6123
0.25,30000,local,1.0,1,2025-10-11,62496,123464,0.5062
0.25,30000,local,1.0,1,2026-06-16,62496,134422,0.4649
0.25,40000,global,0.25,0,2023-11-07,29447,10049,2.9303
0.25,40000,global,0.25,0,2024-07-06,52834,46223,1.143
0.25,40000,global,0.25,0,2024-12-01,57638,60368,0.9548
0.25,40000,global,0.25,0,2025-07-08,60253,102067,0.5903
0.25,40000,global,0.25,0,2025-10-11,60748,123464,0.492
0.25,40000,global,0.25,0,2026-06-16,61302,134422,0.456
0.25,40000,global,0.25,1,2023-11-07,59552,10049,5.9262
0.25,40000,global,0.25,1,2024-07-06,62367,46223,1.3493
0.25,40000,global,0.25,1,2024-12-01,62444,60368,1.0344
0.25,40000,global,0.25,1,2025-07-08,62475,102067,0.6121
0.25,40000,global,0.25,1,2025-10-11,62482,123464,0.5061
0.25,40000,global,0.25,1,2026-06-16,62491,134422,0.4649
0.25,40000,global,0.5,0,2023-11-07,29369,10049,2.9226
0.25,40000,global,0.5,0,2024-07-06,59193,46223,1.2806
0.25,40000,global,0.5,0,2024-12-01,61069,60368,1.0116
0.25,40000,global,0.5,0,2025-07-08,61466,102067,0.6022
0.25,40000,global,0.5,0,2025-10-11,61489,123464,0.498
0.25,40000,global,0.5,0,2026-06-16,61504,134422,0.4575
0.25,40000,global,0.5,1,2023-11-07,59610,10049,5.9319
0.25,40000,global,0.5,1,2024-07-06,62455,46223,1.3512
0.25,40000,global,0.5,1,2024-12-01,62489,60368,1.0351
0.25,40000,global,0.5,1,2025-07-08,62496,102067,0.6123
0.25,40000,global,0.5,1,2025-10-11,62496,123464,0.5062
0.25,40000,global,0.5,1,2026-06-16,62496,134422,0.4649
0.25,40000,global,1.0,0,2023-11-07,29462,10049,2.9318
0.25,40000,global,1.0,0,2024-07-06,61317,46223,1.3265
0.25,40000,global,1.0,0,2024-12-01,61499,60368,1.0187
0.25,40000,global,1.0,0,2025-07-08,61504,102067,0.6026
0.25,40000,global,1.0,0,2025-10-11,61504,123464,0.4982
0.25,40000,global,1.0,0,2026-06-16,61504,134422,0.4575
0.25,40000,global,1.0,1,2023-11-07,59535,10049,5.9245
0.25,40000,global,1.0,1,2024-07-06,62494,46223,1.352
0.25,40000,global,1.0,1,2024-12-01,62495,60368,1.0352
0.25,40000,global,1.0,1,2025-07-08,62496,102067,0.6123
0.25,40000,global,1.0,1,2025-10-11,62496,123464,0.5062
0.25,40000,global,1.0,1,2026-06-16,62496,134422,0.4649
0.25,40000,local,0.25,0,2023-11-07,29472,10049,2.9328
0.25,40000,local,0.25,0,2024-07-06,52425,46223,1.1342
0.25,40000,local,0.25,0,2024-12-01,57302,60368,0.9492
0.25,40000,local,0.25,0,2025-07-08,59991,102067,0.5878
0.25,40000,local,0.25,0,2025-10-11,60538,123464,0.4903
0.25,40000,local,0.25,0,2026-06-16,61190,134422,0.4552
0.25,40000,local,0.25,1,2023-11-07,59543,10049,5.9253
0.25,40000,local,0.25,1,2024-07-06,62483,46223,1.3518
0.25,40000,local,0.25,1,2024-12-01,62496,60368,1.0353
0.25,40000,local,0.25,1,2025-07-08,62496,102067,0.6123
0.25,40000,local,0.25,1,2025-10-11,62496,123464,0.5062
0.25,40000,local,0.25,1,2026-06-16,62496,134422,0.4649
0.25,40000,local,0.5,0,2023-11-07,29452,10049,2.9308
0.25,40000,local,0.5,0,2024-07-06,58703,46223,1.27
0.25,40000,local,0.5,0,2024-12-01,60873,60368,1.0084
0.25,40000,local,0.5,0,2025-07-08,61409,102067,0.6017
0.25,40000,local,0.5,0,2025-10-11,61457,123464,0.4978
0.25,40000,local,0.5,0,2026-06-16,61493,134422,0.4575
0.25,40000,local,0.5,1,2023-11-07,59547,10049,5.9257
0.25,40000,local,0.5,1,2024-07-06,62495,46223,1.352
0.25,40000,local,0.5,1,2024-12-01,62496,60368,1.0353
0.25,40000,local,0.5,1,2025-07-08,62496,102067,0.6123
0.25,40000,local,0.5,1,2025-10-11,62496,123464,0.5062
0.25,40000,local,0.5,1,2026-06-16,62496,134422,0.4649
0.25,40000,local,1.0,0,2023-11-07,29266,10049,2.9123
0.25,40000,local,1.0,0,2024-07-06,61245,46223,1.325
0.25,40000,local,1.0,0,2024-12-01,61491,60368,1.0186
0.25,40000,local,1.0,0,2025-07-08,61503,102067,0.6026
0.25,40000,local,1.0,0,2025-10-11,61503,123464,0.4981
0.25,40000,local,1.0,0,2026-06-16,61504,134422,0.4575
0.25,40000,local,1.0,1,2023-11-07,59530,10049,5.924
0.25,40000,local,1.0,1,2024-07-06,62496,46223,1.3521
0.25,40000,local,1.0,1,2024-12-01,62496,60368,1.0353
0.25,40000,local,1.0,1,2025-07-08,62496,102067,0.6123
0.25,40000,local,1.0,1,2025-10-11,62496,123464,0.5062
0.25,40000,local,1.0,1,2026-06-16,62496,134422,0.4649
0.05,20000,global,0.25,0,2023-11-07,9901,10049,0.9853
0.05,20000,global,0.25,0,2024-07-06,12239,46223,0.2648
0.05,20000,global,0.25,0,2024-12-01,12311,60368,0.2039
0.05,20000,global,0.25,0,2025-07-08,12321,102067,0.1207
0.05,20000,global,0.25,0,2025-10-11,12321,123464,0.0998
0.05,20000,global,0.25,0,2026-06-16,12321,134422,0.0917
0.05,20000,global,0.25,1,2023-11-07,12669,10049,1.2607
0.05,20000,global,0.25,1,2024-07-06,12763,46223,0.2761
0.05,20000,global,0.25,1,2024-12-01,12765,60368,0.2115
0.05,20000,global,0.25,1,2025-07-08,12765,102067,0.1251
0.05,20000,global,0.25,1,2025-10-11,12765,123464,0.1034
0.05,20000,global,0.25,1,2026-06-16,12765,134422,0.095
0.05,20000,global,0.5,0,2023-11-07,9923,10049,0.9875
0.05,20000,global,0.5,0,2024-07-06,12317,46223,0.2665
0.05,20000,global,0.5,0,2024-12-01,12321,60368,0.2041
0.05,20000,global,0.5,0,2025-07-08,12321,102067,0.1207
0.05,20000,global,0.5,0,2025-10-11,12321,123464,0.0998
0.05,20000,global,0.5,0,2026-06-16,12321,134422,0.0917
0.05,20000,global,0.5,1,2023-11-07,12666,10049,1.2604
0.05,20000,global,0.5,1,2024-07-06,12765,46223,0.2762
0.05,20000,global,0.5,1,2024-12-01,12765,60368,0.2115
0.05,20000,global,0.5,1,2025-07-08,12765,102067,0.1251
0.05,20000,global,0.5,1,2025-10-11,12765,123464,0.1034
0.05,20000,global,0.5,1,2026-06-16,12765,134422,0.095
0.05,20000,global,1.0,0,2023-11-07,9851,10049,0.9803
0.05,20000,global,1.0,0,2024-07-06,12321,46223,0.2666
0.05,20000,global,1.0,0,2024-12-01,12321,60368,0.2041
0.05,20000,global,1.0,0,2025-07-08,12321,102067,0.1207
0.05,20000,global,1.0,0,2025-10-11,12321,123464,0.0998
0.05,20000,global,1.0,0,2026-06-16,12321,134422,0.0917
0.05,20000,global,1.0,1,2023-11-07,12674,10049,1.2612
0.05,20000,global,1.0,1,2024-07-06,12765,46223,0.2762
0.05,20000,global,1.0,1,2024-12-01,12765,60368,0.2115
0.05,20000,global,1.0,1,2025-07-08,12765,102067,0.1251
0.05,20000,global,1.0,1,2025-10-11,12765,123464,0.1034
0.05,20000,global,1.0,1,2026-06-16,12765,134422,0.095
0.05,20000,local,0.25,0,2023-11-07,9903,10049,0.9855
0.05,20000,local,0.25,0,2024-07-06,12179,46223,0.2635
0.05,20000,local,0.25,0,2024-12-01,12290,60368,0.2036
0.05,20000,local,0.25,0,2025-07-08,12320,102067,0.1207
0.05,20000,local,0.25,0,2025-10-11,12321,123464,0.0998
0.05,20000,local,0.25,0,2026-06-16,12321,134422,0.0917
0.05,20000,local,0.25,1,2023-11-07,12666,10049,1.2604
0.05,20000,local,0.25,1,2024-07-06,12765,46223,0.2762
0.05,20000,local,0.25,1,2024-12-01,12765,60368,0.2115
0.05,20000,local,0.25,1,2025-07-08,12765,102067,0.1251
0.05,20000,local,0.25,1,2025-10-11,12765,123464,0.1034
0.05,20000,local,0.25,1,2026-06-16,12765,134422,0.095
0.05,20000,local,0.5,0,2023-11-07,9943,10049,0.9895
0.05,20000,local,0.5,0,2024-07-06,12314,46223,0.2664
0.05,20000,local,0.5,0,2024-12-01,12321,60368,0.2041
0.05,20000,local,0.5,0,2025-07-08,12321,102067,0.1207
0.05,20000,local,0.5,0,2025-10-11,12321,123464,0.0998
0.05,20000,local,0.5,0,2026-06-16,12321,134422,0.0917
0.05,20000,local,0.5,1,2023-11-07,12684,10049,1.2622
0.05,20000,local,0.5,1,2024-07-06,12765,46223,0.2762
0.05,20000,local,0.5,1,2024-12-01,12765,60368,0.2115
0.05,20000,local,0.5,1,2025-07-08,12765,102067,0.1251
0.05,20000,local,0.5,1,2025-10-11,12765,123464,0.1034
0.05,20000,local,0.5,1,2026-06-16,12765,134422,0.095
0.05,20000,local,1.0,0,2023-11-07,9887,10049,0.9839
0.05,20000,local,1.0,0,2024-07-06,12321,46223,0.2666
0.05,20000,local,1.0,0,2024-12-01,12321,60368,0.2041
0.05,20000,local,1.0,0,2025-07-08,12321,102067,0.1207
0.05,20000,local,1.0,0,2025-10-11,12321,123464,0.0998
0.05,20000,local,1.0,0,2026-06-16,12321,134422,0.0917
0.05,20000,local,1.0,1,2023-11-07,12676,10049,1.2614
0.05,20000,local,1.0,1,2024-07-06,12765,46223,0.2762
0.05,20000,local,1.0,1,2024-12-01,12765,60368,0.2115
0.05,20000,local,1.0,1,2025-07-08,12765,102067,0.1251
0.05,20000,local,1.0,1,2025-10-11,12765,123464,0.1034
0.05,20000,local,1.0,1,2026-06-16,12765,134422,0.095
0.05,30000,global,0.25,0,2023-11-07,11247,10049,1.1192
0.05,30000,global,0.25,0,2024-07-06,12314,46223,0.2664
0.05,30000,global,0.25,0,2024-12-01,12320,60368,0.2041
0.05,30000,global,0.25,0,2025-07-08,12321,102067,0.1207
0.05,30000,global,0.25,0,2025-10-11,12321,123464,0.0998
0.05,30000,global,0.25,0,2026-06-16,12321,134422,0.0917
0.05,30000,global,0.25,1,2023-11-07,12721,10049,1.2659
0.05,30000,global,0.25,1,2024-07-06,12765,46223,0.2762
0.05,30000,global,0.25,1,2024-12-01,12765,60368,0.2115
0.05,30000,global,0.25,1,2025-07-08,12765,102067,0.1251
0.05,30000,global,0.25,1,2025-10-11,12765,123464,0.1034
0.05,30000,global,0.25,1,2026-06-16,12765,134422,0.095
0.05,30000,global,0.5,0,2023-11-07,11241,10049,1.1186
0.05,30000,global,0.5,0,2024-07-06,12321,46223,0.2666
0.05,30000,global,0.5,0,2024-12-01,12321,60368,0.2041
0.05,30000,global,0.5,0,2025-07-08,12321,102067,0.1207
0.05,30000,global,0.5,0,2025-10-11,12321,123464,0.0998
0.05,30000,global,0.5,0,2026-06-16,12321,134422,0.0917
0.05,30000,global,0.5,1,2023-11-07,12727,10049,1.2665
0.05,30000,global,0.5,1,2024-07-06,12765,46223,0.2762
0.05,30000,global,0.5,1,2024-12-01,12765,60368,0.2115
0.05,30000,global,0.5,1,2025-07-08,12765,102067,0.1251
0.05,30000,global,0.5,1,2025-10-11,12765,123464,0.1034
0.05,30000,global,0.5,1,2026-06-16,12765,134422,0.095
0.05,30000,global,1.0,0,2023-11-07,11227,10049,1.1172
0.05,30000,global,1.0,0,2024-07-06,12321,46223,0.2666
0.05,30000,global,1.0,0,2024-12-01,12321,60368,0.2041
0.05,30000,global,1.0,0,2025-07-08,12321,102067,0.1207
0.05,30000,global,1.0,0,2025-10-11,12321,123464,0.0998
0.05,30000,global,1.0,0,2026-06-16,12321,134422,0.0917
0.05,30000,global,1.0,1,2023-11-07,12727,10049,1.2665
0.05,30000,global,1.0,1,2024-07-06,12765,46223,0.2762
0.05,30000,global,1.0,1,2024-12-01,12765,60368,0.2115
0.05,30000,global,1.0,1,2025-07-08,12765,102067,0.1251
0.05,30000,global,1.0,1,2025-10-11,12765,123464,0.1034
0.05,30000,global,1.0,1,2026-06-16,12765,134422,0.095
0.05,30000,local,0.25,0,2023-11-07,11311,10049,1.1256
0.05,30000,local,0.25,0,2024-07-06,12298,46223,0.2661
0.05,30000,local,0.25,0,2024-12-01,12319,60368,0.2041
0.05,30000,local,0.25,0,2025-07-08,12321,102067,0.1207
0.05,30000,local,0.25,0,2025-10-11,12321,123464,0.0998
0.05,30000,local,0.25,0,2026-06-16,12321,134422,0.0917
0.05,30000,local,0.25,1,2023-11-07,12718,10049,1.2656
0.05,30000,local,0.25,1,2024-07-06,12765,46223,0.2762
0.05,30000,local,0.25,1,2024-12-01,12765,60368,0.2115
0.05,30000,local,0.25,1,2025-07-08,12765,102067,0.1251
0.05,30000,local,0.25,1,2025-10-11,12765,123464,0.1034
0.05,30000,local,0.25,1,2026-06-16,12765,134422,0.095
0.05,30000,local,0.5,0,2023-11-07,11255,10049,1.12
0.05,30000,local,0.5,0,2024-07-06,12321,46223,0.2666
0.05,30000,local,0.5,0,2024-12-01,12321,60368,0.2041
0.05,30000,local,0.5,0,2025-07-08,12321,102067,0.1207
0.05,30000,local,0.5,0,2025-10-11,12321,123464,0.0998
0.05,30000,local,0.5,0,2026-06-16,12321,134422,0.0917
0.05,30000,local,0.5,1,2023-11-07,12723,10049,1.2661
0.05,30000,local,0.5,1,2024-07-06,12765,46223,0.2762
0.05,30000,local,0.5,1,2024-12-01,12765,60368,0.2115
0.05,30000,local,0.5,1,2025-07-08,12765,102067,0.1251
0.05,30000,local,0.5,1,2025-10-11,12765,123464,0.1034
0.05,30000,local,0.5,1,2026-06-16,12765,134422,0.095
0.05,30000,local,1.0,0,2023-11-07,11258,10049,1.1203
0.05,30000,local,1.0,0,2024-07-06,12321,46223,0.2666
0.05,30000,local,1.0,0,2024-12-01,12321,60368,0.2041
0.05,30000,local,1.0,0,2025-07-08,12321,102067,0.1207
0.05,30000,local,1.0,0,2025-10-11,12321,123464,0.0998
0.05,30000,local,1.0,0,2026-06-16,12321,134422,0.0917
0.05,30000,local,1.0,1,2023-11-07,12731,10049,1.2669
0.05,30000,local,1.0,1,2024-07-06,12765,46223,0.2762
0.05,30000,local,1.0,1,2024-12-01,12765,60368,0.2115
0.05,30000,local,1.0,1,2025-07-08,12765,102067,0.1251
0.05,30000,local,1.0,1,2025-10-11,12765,123464,0.1034
0.05,30000,local,1.0,1,2026-06-16,12765,134422,0.095
0.05,40000,global,0.25,0,2023-11-07,11844,10049,1.1786
0.05,40000,global,0.25,0,2024-07-06,12320,46223,0.2665
0.05,40000,global,0.25,0,2024-12-01,12321,60368,0.2041
0.05,40000,global,0.25,0,2025-07-08,12321,102067,0.1207
0.05,40000,global,0.25,0,2025-10-11,12321,123464,0.0998
0.05,40000,global,0.25,0,2026-06-16,12321,134422,0.0917
0.05,40000,global,0.25,1,2023-11-07,12749,10049,1.2687
0.05,40000,global,0.25,1,2024-07-06,12765,46223,0.2762
0.05,40000,global,0.25,1,2024-12-01,12765,60368,0.2115
0.05,40000,global,0.25,1,2025-07-08,12765,102067,0.1251
0.05,40000,global,0.25,1,2025-10-11,12765,123464,0.1034
0.05,40000,global,0.25,1,2026-06-16,12765,134422,0.095
0.05,40000,global,0.5,0,2023-11-07,11819,10049,1.1761
0.05,40000,global,0.5,0,2024-07-06,12321,46223,0.2666
0.05,40000,global,0.5,0,2024-12-01,12321,60368,0.2041
0.05,40000,global,0.5,0,2025-07-08,12321,102067,0.1207
0.05,40000,global,0.5,0,2025-10-11,12321,123464,0.0998
0.05,40000,global,0.5,0,2026-06-16,12321,134422,0.0917
0.05,40000,global,0.5,1,2023-11-07,12750,10049,1.2688
0.05,40000,global,0.5,1,2024-07-06,12765,46223,0.2762
0.05,40000,global,0.5,1,2024-12-01,12765,60368,0.2115
0.05,40000,global,0.5,1,2025-07-08,12765,102067,0.1251
0.05,40000,global,0.5,1,2025-10-11,12765,123464,0.1034
0.05,40000,global,0.5,1,2026-06-16,12765,134422,0.095
0.05,40000,global,1.0,0,2023-11-07,11877,10049,1.1819
0.05,40000,global,1.0,0,2024-07-06,12321,46223,0.2666
0.05,40000,global,1.0,0,2024-12-01,12321,60368,0.2041
0.05,40000,global,1.0,0,2025-07-08,12321,102067,0.1207
0.05,40000,global,1.0,0,2025-10-11,12321,123464,0.0998
0.05,40000,global,1.0,0,2026-06-16,12321,134422,0.0917
0.05,40000,global,1.0,1,2023-11-07,12749,10049,1.2687
0.05,40000,global,1.0,1,2024-07-06,12765,46223,0.2762
0.05,40000,global,1.0,1,2024-12-01,12765,60368,0.2115
0.05,40000,global,1.0,1,2025-07-08,12765,102067,0.1251
0.05,40000,global,1.0,1,2025-10-11,12765,123464,0.1034
0.05,40000,global,1.0,1,2026-06-16,12765,134422,0.095
0.05,40000,local,0.25,0,2023-11-07,11828,10049,1.177
0.05,40000,local,0.25,0,2024-07-06,12320,46223,0.2665
0.05,40000,local,0.25,0,2024-12-01,12321,60368,0.2041
0.05,40000,local,0.25,0,2025-07-08,12321,102067,0.1207
0.05,40000,local,0.25,0,2025-10-11,12321,123464,0.0998
0.05,40000,local,0.25,0,2026-06-16,12321,134422,0.0917
0.05,40000,local,0.25,1,2023-11-07,12750,10049,1.2688
0.05,40000,local,0.25,1,2024-07-06,12765,46223,0.2762
0.05,40000,local,0.25,1,2024-12-01,12765,60368,0.2115
0.05,40000,local,0.25,1,2025-07-08,12765,102067,0.1251
0.05,40000,local,0.25,1,2025-10-11,12765,123464,0.1034
0.05,40000,local,0.25,1,2026-06-16,12765,134422,0.095
0.05,40000,local,0.5,0,2023-11-07,11863,10049,1.1805
0.05,40000,local,0.5,0,2024-07-06,12321,46223,0.2666
0.05,40000,local,0.5,0,2024-12-01,12321,60368,0.2041
0.05,40000,local,0.5,0,2025-07-08,12321,102067,0.1207
0.05,40000,local,0.5,0,2025-10-11,12321,123464,0.0998
0.05,40000,local,0.5,0,2026-06-16,12321,134422,0.0917
0.05,40000,local,0.5,1,2023-11-07,12750,10049,1.2688
0.05,40000,local,0.5,1,2024-07-06,12765,46223,0.2762
0.05,40000,local,0.5,1,2024-12-01,12765,60368,0.2115
0.05,40000,local,0.5,1,2025-07-08,12765,102067,0.1251
0.05,40000,local,0.5,1,2025-10-11,12765,123464,0.1034
0.05,40000,local,0.5,1,2026-06-16,12765,134422,0.095
0.05,40000,local,1.0,0,2023-11-07,11887,10049,1.1829
0.05,40000,local,1.0,0,2024-07-06,12321,46223,0.2666
0.05,40000,local,1.0,0,2024-12-01,12321,60368,0.2041
0.05,40000,local,1.0,0,2025-07-08,12321,102067,0.1207
0.05,40000,local,1.0,0,2025-10-11,12321,123464,0.0998
0.05,40000,local,1.0,0,2026-06-16,12321,134422,0.0917
0.05,40000,local,1.0,1,2023-11-07,12749,10049,1.2687
0.05,40000,local,1.0,1,2024-07-06,12765,46223,0.2762
0.05,40000,local,1.0,1,2024-12-01,12765,60368,0.2115
0.05,40000,local,1.0,1,2025-07-08,12765,102067,0.1251
0.05,40000,local,1.0,1,2025-10-11,12765,123464,0.1034
0.05,40000,local,1.0,1,2026-06-16,12765,134422,0.095
