assessment_date,destroyed,total_affected,fighter_estimate,bound1_ceiling,bound1_share_of_destroyed,bound2_min_k_to_cover_destroyed,bound2_status_at_k5
2023-11-07,10049,37379,15000,15000,1.4927,1,no longer binding
2023-11-07,10049,37379,20000,20000,1.9902,1,no longer binding
2023-11-07,10049,37379,25000,25000,2.4878,1,no longer binding
2023-11-07,10049,37379,30000,30000,2.9854,1,no longer binding
2023-11-07,10049,37379,35000,35000,3.4829,1,no longer binding
2023-11-07,10049,37379,40000,40000,3.9805,1,no longer binding
2024-07-06,46223,156409,15000,15000,0.3245,4,no longer binding
2024-07-06,46223,156409,20000,20000,0.4327,3,no longer binding
2024-07-06,46223,156409,25000,25000,0.5409,2,no longer binding
2024-07-06,46223,156409,30000,30000,0.649,2,no longer binding
2024-07-06,46223,156409,35000,35000,0.7572,2,no longer binding
2024-07-06,46223,156409,40000,40000,0.8654,2,no longer binding
2024-12-01,60368,170812,15000,15000,0.2485,5,no longer binding
2024-12-01,60368,170812,20000,20000,0.3313,4,no longer binding
2024-12-01,60368,170812,25000,25000,0.4141,3,no longer binding
2024-12-01,60368,170812,30000,30000,0.497,3,no longer binding
2024-12-01,60368,170812,35000,35000,0.5798,2,no longer binding
2024-12-01,60368,170812,40000,40000,0.6626,2,no longer binding
2025-07-08,102067,192812,15000,15000,0.147,7,still binding
2025-07-08,102067,192812,20000,20000,0.1959,6,still binding
2025-07-08,102067,192812,25000,25000,0.2449,5,no longer binding
2025-07-08,102067,192812,30000,30000,0.2939,4,no longer binding
2025-07-08,102067,192812,35000,35000,0.3429,3,no longer binding
2025-07-08,102067,192812,40000,40000,0.3919,3,no longer binding
2025-10-11,123464,198273,15000,15000,0.1215,9,still binding
2025-10-11,123464,198273,20000,20000,0.162,7,still binding
2025-10-11,123464,198273,25000,25000,0.2025,5,no longer binding
2025-10-11,123464,198273,30000,30000,0.243,5,no longer binding
2025-10-11,123464,198273,35000,35000,0.2835,4,no longer binding
2025-10-11,123464,198273,40000,40000,0.324,4,no longer binding
2026-06-16,134422,201290,15000,15000,0.1116,9,still binding
2026-06-16,134422,201290,20000,20000,0.1488,7,still binding
2026-06-16,134422,201290,25000,25000,0.186,6,still binding
2026-06-16,134422,201290,30000,30000,0.2232,5,no longer binding
2026-06-16,134422,201290,35000,35000,0.2604,4,no longer binding
2026-06-16,134422,201290,40000,40000,0.2976,4,no longer binding
