statement_date,months_since_2023-10-07,figure,value,scope,source,source_url,notes
2024-02-20,4.5,targets_struck_cumulative,29000,Gaza,IDF data reported by Breaking Defense,https://breakingdefense.com/2024/02/israeli-air-force-struck-31000-targets-in-four-months-of-war/,"31,000 across all fronts, 29,000 in Gaza; ~15,000 in the first five weeks; 7,000 were field-called 'lightning strikes'. Article notes the IDF does not define 'target'."
2024-10-07,12,targets_struck_cumulative,40300,Gaza,IDF one-year data reported by Times of Israel,https://www.timesofisrael.com/a-year-of-war-idf-data-shows-726-troops-killed-over-26000-rockets-fired-at-israel/,"'Some 40,300 targets have been struck in the Gaza Strip since the beginning of the war.'"
2024-10-07,12,operatives_killed_cumulative,17000,Gaza,IDF one-year data reported by Times of Israel,https://www.timesofisrael.com/a-year-of-war-idf-data-shows-726-troops-killed-over-26000-rockets-fired-at-israel/,"'some 17,000 Hamas operatives and members of other terror groups'. IDF's own claim, definition of operative not given."
2024-10-07,12,tunnel_shafts_located_cumulative,4700,Gaza,IDF one-year data reported by Times of Israel,https://www.timesofisrael.com/a-year-of-war-idf-data-shows-726-troops-killed-over-26000-rockets-fired-at-israel/,"'troops have located some 4,700 tunnel shafts'. Located, not necessarily destroyed; shafts can be in open ground, and one building can hold several."
2025-08-20,22.5,targets_struck_in_operation,10000,Gaza (Gideon's Chariots from 2025-05-18),IDF via Channel 12 (cited on Wikipedia's May 2025 offensive page),https://en.wikipedia.org/wiki/May_2025_Gaza_offensive,"'10000 targets were struck, 2100 militants were killed' during the operation. Secondary citation; original Channel 12 report not fetched."
2025-10-10,24,combatants_killed_cumulative,22000,Gaza,IDF claim reported by Times of Israel,https://www.timesofisrael.com/idf-believes-70000-gazans-killed-in-war-as-claimed-by-hamas/,"'at least 22,000 combatants' before the October 2025 ceasefire; same article: IDF believes the ~70,000 total death toll, civilian-combatant ratio 'unclear'."
2025-12-18,26.4,targets_struck_in_2025,19500,Gaza,IDF 2025 summary reported by Ynet,https://www.ynetnews.com/article/bjizo7mnzx,"'struck 19,500 targets in the Strip' in calendar 2025; 21,000 across all arenas."
2025-12-18,26.4,weapons_depots_destroyed_in_2025,270,Gaza,IDF 2025 summary reported by Ynet,https://www.ynetnews.com/article/bjizo7mnzx,"'270 weapons depots'."
2025-12-18,26.4,terrorist_infrastructures_destroyed_in_2025,14000,Gaza,IDF 2025 summary reported by Ynet,https://www.ynetnews.com/article/bjizo7mnzx,"'destroyed about 14,000 terrorist infrastructures'. Category undefined; distinct from 'targets struck', so likely includes ground demolitions."
