state,arrivals_per_year,white,white_margin,hispanic,other,asian_alone,black_alone,white_share_of_arrivals,hispanic_share_of_arrivals,arrivals_per_1000_residents,white_arrivals_per_1000_white_residents,white_share_of_residents,foreign_born_2024,foreign_born_share_of_residents,white_share_of_foreign_born,hispanic_share_of_foreign_born,foreign_born_share_of_white_residents,net_international_migration_per_year_2021_25
Alabama,16864,5736,802,4368,6760,2464,3303,34.0,25.9,3.3,1.77,62.8,230850,4.5,14.6,44.5,1.0,10774
Alaska,4847,2461,741,950,1437,670,388,50.8,19.6,6.5,5.83,57.0,56836,7.7,22.0,14.3,3.0,1950
Arizona,50372,13636,1330,20576,16160,10014,3387,27.1,40.8,6.6,3.51,51.2,1017951,13.4,15.5,57.8,4.1,32680
Arkansas,8747,2432,546,3255,3061,1408,970,27.8,37.2,2.8,1.18,66.6,180109,5.8,9.7,60.6,0.9,6334
California,278603,69628,3837,89367,119608,95619,9729,25.0,32.1,7.1,5.42,32.6,10902022,27.6,12.9,48.1,10.9,194485
Colorado,34381,11907,1281,14303,8171,4044,2462,34.6,41.6,5.8,3.14,63.6,628683,10.6,19.4,49.4,3.2,25996
Connecticut,25858,6874,995,9332,9652,4808,3734,26.6,36.1,7.0,3.09,60.4,584170,15.9,25.1,32.9,6.6,21947
Delaware,5585,1074,326,1242,3268,1050,2024,19.2,22.2,5.3,1.8,56.6,121583,11.6,13.9,31.5,2.8,3925
District of Columbia,10470,4090,588,2400,3980,1815,1692,39.1,22.9,14.9,16.08,36.2,108542,15.5,19.6,34.7,8.4,5470
Florida,252048,57932,3171,134548,59567,13628,33274,23.0,53.4,10.8,5.05,49.1,5392412,23.1,13.4,59.0,6.3,226098
Georgia,61328,12265,1260,19994,29070,12540,13435,20.0,32.6,5.5,2.28,48.0,1333177,11.9,10.8,39.3,2.7,46923
Hawaii,12804,3966,681,1676,7162,3826,813,31.0,13.1,8.9,13.24,20.7,268845,18.6,7.8,5.6,7.0,4871
Idaho,8026,3485,785,2698,1843,921,390,43.4,33.6,4.0,2.24,77.8,126009,6.3,20.1,56.0,1.6,4818
Illinois,80072,23817,2141,26456,29798,19002,6242,29.7,33.0,6.3,3.28,57.1,1957482,15.4,23.7,43.1,6.4,62637
Indiana,29473,8605,1169,7725,13143,7698,4299,29.2,26.2,4.3,1.67,74.3,487371,7.0,12.3,42.3,1.2,23516
Iowa,12711,4132,567,3299,5279,3083,1551,32.5,26.0,3.9,1.57,81.2,203549,6.3,15.0,37.0,1.2,8963
Kansas,15758,5713,909,5440,4604,2266,1680,36.3,34.5,5.3,2.68,71.8,232485,7.8,10.8,54.0,1.2,8828
Kentucky,20198,6234,870,7379,6584,2720,2410,30.9,36.5,4.4,1.69,80.3,238231,5.2,16.0,42.7,1.0,16334
Louisiana,21188,4596,773,7958,8634,2170,5271,21.7,37.6,4.6,1.81,55.2,239225,5.2,10.8,58.8,1.0,18113
Maine,4875,1901,443,434,2540,505,1745,39.0,8.9,3.5,1.52,89.1,65815,4.7,40.0,12.2,2.1,4217
Maryland,44326,10264,1336,11253,22810,9068,10046,23.2,25.4,7.1,3.62,45.3,1070852,17.1,10.9,34.5,4.1,31723
Massachusetts,65662,18276,1954,14662,32724,17322,6390,27.8,22.3,9.2,3.94,65.0,1337811,18.7,23.7,25.6,6.8,57171
Michigan,46042,17880,2102,7764,20398,13068,4331,38.8,16.9,4.5,2.46,71.6,778787,7.7,37.7,19.5,4.0,31234
Minnesota,25468,7477,774,5370,12621,4990,6308,29.4,21.1,4.4,1.73,74.7,523549,9.0,13.8,25.0,1.7,19303
Mississippi,12511,3303,703,3571,5637,1086,3391,26.4,28.5,4.3,2.04,55.0,79645,2.7,14.1,50.4,0.7,6829
Missouri,22488,8550,1132,3768,10171,5464,2813,38.0,16.8,3.6,1.8,76.2,308514,4.9,23.6,29.0,1.5,13887
Montana,3410,2269,741,400,740,238,228,66.5,11.7,3.0,2.4,83.3,24386,2.1,48.0,17.3,1.2,950
Nebraska,11596,3567,588,3503,4526,2108,1473,30.8,30.2,5.8,2.4,74.0,180857,9.0,10.6,55.1,1.3,8071
Nevada,20823,5493,1148,9471,5859,3503,1454,26.4,45.5,6.4,3.92,42.8,649711,19.9,10.8,52.9,5.0,13767
New Hampshire,4521,2408,531,475,1638,1109,81,53.3,10.5,3.2,1.98,86.4,83815,5.9,38.1,17.7,2.6,2443
New Jersey,79688,14764,1708,31936,32988,21369,7666,18.5,40.1,8.4,3.14,49.5,2376424,25.0,17.0,40.4,8.6,75785
New Mexico,10104,2199,520,5742,2163,960,639,21.8,56.8,4.7,2.94,35.1,212830,10.0,8.6,74.7,2.5,5917
New York,140968,40044,2719,41074,59850,36284,17415,28.4,29.1,7.1,3.88,51.9,4621382,23.3,19.4,32.7,8.7,149599
North Carolina,63412,17497,1721,20319,25596,10839,10138,27.6,32.0,5.7,2.69,59.0,1093166,9.9,14.3,47.6,2.4,46260
North Dakota,5011,2160,489,891,1960,660,657,43.1,17.8,6.3,3.38,80.3,41910,5.3,16.7,21.3,1.1,2612
Ohio,50234,17465,1595,9118,23651,11470,9952,34.8,18.2,4.2,1.96,75.0,654793,5.5,25.2,20.8,1.9,35287
Oklahoma,16995,4789,653,6551,5656,2633,1397,28.2,38.5,4.1,1.92,61.1,271938,6.6,10.9,57.2,1.2,10303
Oregon,19909,7660,945,6054,6195,4045,737,38.5,30.4,4.7,2.56,70.1,429125,10.0,20.9,43.1,3.0,11312
Pennsylvania,61214,19984,1907,15882,25349,12922,8297,32.6,25.9,4.7,2.13,71.9,1090675,8.3,21.8,29.0,2.5,39219
Rhode Island,8610,1776,463,3545,3289,1519,1167,20.6,41.2,7.7,2.41,66.1,174869,15.7,21.1,47.3,5.0,6170
South Carolina,23442,8728,1205,6930,7784,2221,4179,37.2,29.6,4.3,2.59,61.6,351009,6.4,22.9,43.5,2.4,17350
South Dakota,3387,1128,254,992,1266,724,434,33.3,29.3,3.7,1.54,79.0,38359,4.1,17.7,33.1,0.9,2556
Tennessee,29814,10770,1732,9764,9279,3924,4150,36.1,32.8,4.1,2.11,70.5,472751,6.5,17.4,50.2,1.6,23067
Texas,251553,43948,3997,129613,77992,49386,20074,17.5,51.5,8.0,3.72,37.8,5762477,18.4,7.7,62.3,3.7,203176
Utah,21864,7444,881,9539,4882,1947,420,34.0,43.6,6.2,2.91,73.1,341716,9.8,13.5,60.5,1.8,17004
Vermont,2455,1534,382,232,689,291,249,62.5,9.5,3.8,2.65,89.3,29028,4.5,41.8,9.9,2.1,975
Virginia,59645,19276,1747,14630,25740,13798,7065,32.3,24.5,6.8,3.81,57.4,1193581,13.5,16.4,34.4,3.9,41386
Washington,64426,20831,2310,12913,30682,20686,5188,32.3,20.0,8.1,4.26,61.5,1280809,16.1,19.7,26.7,5.1,44517
West Virginia,2780,1710,449,428,642,260,208,61.5,15.4,1.6,1.09,88.9,37253,2.1,23.5,33.4,0.6,1020
Wisconsin,19802,7138,791,5708,6957,4599,1664,36.0,28.8,3.3,1.54,77.8,327033,5.5,18.7,41.6,1.3,13489
Wyoming,1946,947,360,394,606,139,51,48.6,20.2,3.3,2.0,80.5,20456,3.5,29.0,45.3,1.3,530
United States,2148316,581762,10585,755892,810662,448964,237019,27.1,35.2,6.3,3.04,56.3,50234858,14.8,15.5,45.1,4.1,1661789
