test,launch,year,model,mae_white_pp,mae_all_groups_pp,worst_state_white_pp,national_white_error_pp,total_pop_error_pct
test1,2010,2015,A1,0.875,0.402,2.68,-0.906,1.122
test1,2010,2015,A2,0.837,0.381,2.713,-0.856,1.039
test1,2010,2015,B1,0.67,0.326,2.219,-0.657,0.679
test1,2010,2015,B2,0.638,0.309,2.242,-0.612,0.605
test1,2010,2015,naive: shares unchanged,1.807,0.638,3.301,1.923,
test1,2010,2015,naive: trend continues,0.674,0.316,2.659,-0.667,
test1,2010,2020,A1,2.002,0.879,4.462,-2.242,3.591
test1,2010,2020,A2,1.843,0.806,4.57,-2.091,3.319
test1,2010,2020,B1,1.271,0.615,3.499,-1.463,2.15
test1,2010,2020,B2,1.177,0.563,3.563,-1.334,1.925
test1,2010,2020,naive: shares unchanged,3.556,1.245,6.791,3.833,
test1,2010,2020,naive: trend continues,1.277,0.578,4.943,-1.373,
test2,2015,2020,A1,0.356,0.168,2.78,-0.261,0.815
test2,2015,2020,A2,0.333,0.163,2.739,-0.231,0.765
test2,2015,2020,B1,0.252,0.131,0.988,-0.15,0.635
test2,2015,2020,B2,0.246,0.129,0.981,-0.121,0.586
test2,2015,2020,naive: shares unchanged,1.749,0.611,3.517,1.906,
test2,2015,2020,naive: trend continues,0.231,0.127,0.826,-0.026,
