state,white_population_2025,white_share_2025,white_population_2075_no_change,white_population_change_pct,white_share_2075_no_change,children_per_woman_now,factor_to_hold_population,children_to_hold_population,factor_to_hold_share,children_to_hold_share
Alabama,3244338.0,62.5,2896737.0,-10.7,50.9,1.55,1.17,1.81,1.74,2.69
Alaska,418490.0,56.8,202108.0,-51.7,32.2,1.18,2.52,2.99,3.3,3.9
Arizona,3904140.0,51.2,3611318.0,-7.5,32.6,1.37,1.16,1.59,2.7,3.69
Arkansas,2104973.0,67.6,1823535.0,-13.4,52.1,1.6,1.21,1.93,2.02,3.23
California,12801294.0,32.5,4517182.0,-64.7,13.9,1.24,2.98,3.7,3.11,3.86
Colorado,3793246.0,63.1,3200278.0,-15.6,40.3,1.05,1.39,1.46,3.34,3.49
Connecticut,2246086.0,60.9,1143184.0,-49.1,29.2,1.23,2.28,2.8,3.78,4.65
Delaware,599428.0,56.6,435161.0,-27.4,32.7,1.28,1.63,2.08,3.07,3.93
District of Columbia,261144.0,37.6,334425.0,28.1,37.3,0.65,0.0,0.0,1.07,0.69
Florida,11699464.0,49.9,11831880.0,1.1,33.1,1.43,0.98,1.4,2.52,3.6
Georgia,5408594.0,47.9,4205517.0,-22.2,28.4,1.46,1.38,2.02,2.39,3.5
Hawaii,307573.0,21.5,171826.0,-44.1,17.3,1.25,2.39,3.0,1.64,2.06
Idaho,1579885.0,77.8,2188840.0,38.5,61.1,1.59,0.34,0.54,2.71,4.31
Illinois,7212420.0,56.7,3256149.0,-54.9,36.3,1.38,2.29,3.15,2.38,3.27
Indiana,5122567.0,73.5,3742729.0,-26.9,47.4,1.56,1.45,2.26,2.84,4.43
Iowa,2624008.0,81.0,1808291.0,-31.1,53.3,1.63,1.55,2.53,3.29,5.38
Kansas,2118419.0,71.2,1410212.0,-33.4,51.5,1.65,1.58,2.61,2.31,3.82
Kentucky,3666379.0,79.6,2785302.0,-24.0,56.9,1.66,1.37,2.27,2.69,4.47
Louisiana,2528127.0,54.7,1395048.0,-44.8,38.0,1.59,1.86,2.96,2.01,3.19
Maine,1262966.0,89.3,1050494.0,-16.8,70.0,1.31,1.37,1.79,3.99,5.21
Maryland,2836646.0,45.3,1381171.0,-51.3,22.2,1.37,2.15,2.95,2.81,3.86
Massachusetts,4744185.0,66.3,2671025.0,-43.7,33.9,1.07,2.14,2.29,4.02,4.31
Michigan,7285020.0,71.9,4847336.0,-33.5,56.3,1.43,1.64,2.34,2.16,3.08
Minnesota,4332103.0,74.3,2853410.0,-34.1,44.1,1.45,1.67,2.42,3.41,4.94
Mississippi,1616406.0,54.7,1055521.0,-34.7,44.4,1.61,1.59,2.56,1.58,2.54
Missouri,4728546.0,75.4,3764243.0,-20.4,60.6,1.56,1.33,2.08,2.12,3.31
Montana,952524.0,83.2,1046707.0,9.9,71.0,1.47,0.82,1.21,2.48,3.65
Nebraska,1478503.0,73.3,1030244.0,-30.3,42.6,1.56,1.53,2.39,3.24,5.06
Nevada,1389027.0,42.3,813200.0,-41.5,16.5,0.93,2.62,2.43,5.24,4.88
New Hampshire,1230162.0,86.9,954217.0,-22.4,67.8,1.32,1.48,1.96,3.46,4.58
New Jersey,4733937.0,49.6,2564336.0,-45.8,25.8,1.56,1.94,3.03,2.7,4.22
New Mexico,747155.0,35.2,310557.0,-58.4,18.2,1.24,2.83,3.51,2.87,3.56
New York,10308022.0,51.5,5167149.0,-49.9,35.4,1.37,2.11,2.89,2.07,2.84
North Carolina,6571231.0,58.7,6774441.0,3.1,40.9,1.4,0.94,1.32,2.43,3.39
North Dakota,637058.0,79.7,469659.0,-26.3,48.4,1.52,1.52,2.31,3.91,5.94
Ohio,8869536.0,74.5,5761379.0,-35.0,50.7,1.47,1.64,2.41,2.75,4.04
Oklahoma,2422015.0,58.7,1739731.0,-28.2,34.8,1.3,1.57,2.05,2.91,3.79
Oregon,2982392.0,69.8,1933218.0,-35.2,40.0,0.95,2.02,1.91,4.3,4.07
Pennsylvania,9380088.0,71.8,5309314.0,-43.4,43.4,1.34,1.94,2.61,3.21,4.32
Rhode Island,740867.0,66.5,366370.0,-50.5,33.3,1.02,2.64,2.69,4.55,4.63
South Carolina,3448776.0,61.9,4454310.0,29.2,53.3,1.45,0.48,0.69,1.74,2.54
South Dakota,729620.0,78.0,701401.0,-3.9,52.2,1.68,1.06,1.79,3.21,5.4
Tennessee,5118644.0,70.0,5649502.0,10.4,55.5,1.51,0.84,1.26,2.13,3.21
Texas,11814178.0,37.3,10225737.0,-13.4,20.4,1.44,1.24,1.78,2.5,3.6
Utah,2580042.0,72.9,2830897.0,9.7,49.1,1.49,0.85,1.26,2.95,4.39
Vermont,576386.0,89.4,386899.0,-32.9,76.0,1.29,1.78,2.3,3.14,4.06
Virginia,5059999.0,57.0,3454732.0,-31.7,36.0,1.42,1.57,2.24,2.4,3.41
Washington,4866226.0,60.8,3349504.0,-31.2,30.3,1.16,1.78,2.07,4.02,4.66
West Virginia,1566952.0,88.7,891293.0,-43.1,73.6,1.56,1.82,2.83,2.77,4.31
Wisconsin,4639094.0,77.7,3139024.0,-32.3,57.0,1.4,1.67,2.33,2.83,3.96
Wyoming,477815.0,81.2,299136.0,-37.4,61.8,1.48,1.77,2.62,2.76,4.09
United States,191766696.0,56.1,138205880.0,-27.9,,1.4,1.56,2.17,2.51,3.5
