period,group,births,deaths,natural_change,net_migration,share_of_net_migration
April 2010 to July 2019,white,18219575.0,19292781.0,-1073206.0,1056594.0,13.4
April 2010 to July 2019,hispanic,9341852.0,1618298.0,7723554.0,2370072.0,30.2
April 2010 to July 2019,other,8713886.0,3742676.0,4971210.0,4433194.0,56.4
April 2020 to July 2025,white,8534932.0,12734433.0,-4199501.0,962706.0,11.6
April 2020 to July 2025,hispanic,5395263.0,1478170.0,3917093.0,4071845.0,48.9
April 2020 to July 2025,other,5106341.0,2884026.0,2222315.0,3294286.0,39.6
July 2024 to July 2025,white,1601334.0,2337490.0,-736156.0,154407.0,12.2
July 2024 to July 2025,hispanic,1060028.0,254308.0,805720.0,542587.0,43.0
July 2024 to July 2025,other,959099.0,509805.0,449294.0,565208.0,44.8
