state,white_share_2025,white_share_2075_low,below_half_low,alone_or_mixed_below_half_low,broad_below_half_low,white_share_2075_central,below_half_central,alone_or_mixed_below_half_central,broad_below_half_central,white_share_2075_high,below_half_high,alone_or_mixed_below_half_high,broad_below_half_high
Alabama,62.47,52.26,not by 2075,not by 2075,not by 2075,50.94,not by 2075,not by 2075,not by 2075,50.21,not by 2075,not by 2075,not by 2075
Alaska,56.76,31.4,2039,2059,not by 2075,32.21,2039,2060,not by 2075,33.82,2040,2061,not by 2075
Arizona,51.21,37.06,2029,2039,not by 2075,32.61,2028,2035,not by 2075,28.12,2027,2033,not by 2075
Arkansas,67.58,52.23,not by 2075,not by 2075,not by 2075,52.11,not by 2075,not by 2075,not by 2075,52.28,not by 2075,not by 2075,not by 2075
California,32.53,16.89,before 2025,before 2025,not by 2075,13.89,before 2025,before 2025,not by 2075,11.39,before 2025,before 2025,not by 2075
Colorado,63.09,48.08,2068,not by 2075,not by 2075,40.32,2052,2063,not by 2075,32.91,2045,2052,not by 2075
Connecticut,60.89,28.76,2041,2045,not by 2075,29.2,2040,2045,not by 2075,29.9,2040,2044,not by 2075
Delaware,56.55,34.36,2039,2048,not by 2075,32.65,2038,2046,not by 2075,31.88,2037,2044,not by 2075
District of Columbia,37.65,44.97,before 2025,before 2025,not by 2075,37.26,before 2025,before 2025,not by 2075,30.44,before 2025,before 2025,not by 2075
Florida,49.86,34.05,before 2025,2031,not by 2075,33.13,before 2025,2030,not by 2075,32.35,before 2025,2030,not by 2075
Georgia,47.85,30.05,before 2025,2027,not by 2075,28.4,before 2025,2027,not by 2075,26.92,before 2025,2027,not by 2075
Hawaii,21.47,17.73,before 2025,before 2025,before 2025,17.29,before 2025,before 2025,before 2025,16.58,before 2025,before 2025,before 2025
Idaho,77.84,64.38,not by 2075,not by 2075,not by 2075,61.13,not by 2075,not by 2075,not by 2075,58.12,not by 2075,not by 2075,not by 2075
Illinois,56.71,40.47,2044,2056,not by 2075,36.26,2041,2049,not by 2075,33.04,2038,2045,not by 2075
Indiana,73.46,49.82,2075,not by 2075,not by 2075,47.38,2070,not by 2075,not by 2075,45.38,2066,not by 2075,not by 2075
Iowa,81.03,54.79,not by 2075,not by 2075,not by 2075,53.29,not by 2075,not by 2075,not by 2075,52.03,not by 2075,not by 2075,not by 2075
Kansas,71.15,55.41,not by 2075,not by 2075,not by 2075,51.49,not by 2075,not by 2075,not by 2075,48.95,2073,not by 2075,not by 2075
Kentucky,79.59,61.78,not by 2075,not by 2075,not by 2075,56.93,not by 2075,not by 2075,not by 2075,53.19,not by 2075,not by 2075,not by 2075
Louisiana,54.74,41.22,2043,2057,not by 2075,38.02,2040,2050,not by 2075,35.26,2038,2047,not by 2075
Maine,89.26,74.95,not by 2075,not by 2075,not by 2075,70.03,not by 2075,not by 2075,not by 2075,66.7,not by 2075,not by 2075,not by 2075
Maryland,45.28,22.72,before 2025,before 2025,not by 2075,22.16,before 2025,before 2025,not by 2075,21.63,before 2025,before 2025,not by 2075
Massachusetts,66.31,34.83,2049,2055,not by 2075,33.85,2048,2054,not by 2075,33.11,2047,2053,not by 2075
Michigan,71.93,59.14,not by 2075,not by 2075,not by 2075,56.34,not by 2075,not by 2075,not by 2075,54.11,not by 2075,not by 2075,not by 2075
Minnesota,74.3,47.09,2069,not by 2075,not by 2075,44.13,2065,2074,not by 2075,41.31,2061,2070,not by 2075
Mississippi,54.72,46.59,2053,not by 2075,not by 2075,44.37,2048,2065,not by 2075,43.3,2046,2060,not by 2075
Missouri,75.41,62.17,not by 2075,not by 2075,not by 2075,60.56,not by 2075,not by 2075,not by 2075,59.33,not by 2075,not by 2075,not by 2075
Montana,83.21,72.82,not by 2075,not by 2075,not by 2075,70.96,not by 2075,not by 2075,not by 2075,69.84,not by 2075,not by 2075,not by 2075
Nebraska,73.27,46.95,2069,not by 2075,not by 2075,42.61,2062,2071,not by 2075,39.03,2058,2066,not by 2075
Nevada,42.32,19.45,before 2025,before 2025,not by 2075,16.54,before 2025,before 2025,not by 2075,13.99,before 2025,before 2025,not by 2075
New Hampshire,86.92,68.59,not by 2075,not by 2075,not by 2075,67.83,not by 2075,not by 2075,not by 2075,67.35,not by 2075,not by 2075,not by 2075
New Jersey,49.58,28.73,before 2025,2029,not by 2075,25.81,before 2025,2028,not by 2075,23.72,before 2025,2028,not by 2075
New Mexico,35.15,19.67,before 2025,before 2025,not by 2075,18.17,before 2025,before 2025,not by 2075,16.86,before 2025,before 2025,not by 2075
New York,51.53,39.67,2030,2041,not by 2075,35.36,2029,2037,not by 2075,31.65,2029,2035,not by 2075
North Carolina,58.68,43.68,2051,2071,not by 2075,40.94,2047,2060,not by 2075,38.73,2043,2055,not by 2075
North Dakota,79.7,47.83,2072,not by 2075,not by 2075,48.44,2073,not by 2075,not by 2075,50.3,not by 2075,not by 2075,not by 2075
Ohio,74.53,52.54,not by 2075,not by 2075,not by 2075,50.74,not by 2075,not by 2075,not by 2075,49.17,2073,not by 2075,not by 2075
Oklahoma,58.74,35.26,2044,2067,not by 2075,34.81,2042,2065,not by 2075,34.89,2041,2063,not by 2075
Oregon,69.79,47.21,2068,not by 2075,not by 2075,39.96,2057,2069,not by 2075,32.5,2051,2060,not by 2075
Pennsylvania,71.83,44.45,2065,2073,not by 2075,43.45,2063,2072,not by 2075,42.6,2062,2070,not by 2075
Rhode Island,66.47,35.62,2050,2056,not by 2075,33.26,2048,2053,not by 2075,31.69,2046,2051,not by 2075
South Carolina,61.91,54.93,not by 2075,not by 2075,not by 2075,53.29,not by 2075,not by 2075,not by 2075,51.92,not by 2075,not by 2075,not by 2075
South Dakota,78.03,52.89,not by 2075,not by 2075,not by 2075,52.19,not by 2075,not by 2075,not by 2075,51.96,not by 2075,not by 2075,not by 2075
Tennessee,69.97,57.69,not by 2075,not by 2075,not by 2075,55.51,not by 2075,not by 2075,not by 2075,53.68,not by 2075,not by 2075,not by 2075
Texas,37.26,22.64,before 2025,before 2025,not by 2075,20.36,before 2025,before 2025,not by 2075,18.48,before 2025,before 2025,not by 2075
Utah,72.91,54.66,not by 2075,not by 2075,not by 2075,49.13,2073,not by 2075,not by 2075,44.08,2064,2073,not by 2075
Vermont,89.41,77.38,not by 2075,not by 2075,not by 2075,75.98,not by 2075,not by 2075,not by 2075,74.8,not by 2075,not by 2075,not by 2075
Virginia,56.98,37.75,2041,2056,not by 2075,36.01,2040,2054,not by 2075,34.62,2039,2052,not by 2075
Washington,60.82,36.22,2043,2057,not by 2075,30.34,2040,2050,not by 2075,24.86,2038,2046,not by 2075
West Virginia,88.72,76.31,not by 2075,not by 2075,not by 2075,73.61,not by 2075,not by 2075,not by 2075,71.95,not by 2075,not by 2075,not by 2075
Wisconsin,77.67,59.71,not by 2075,not by 2075,not by 2075,57.01,not by 2075,not by 2075,not by 2075,54.65,not by 2075,not by 2075,not by 2075
Wyoming,81.16,65.47,not by 2075,not by 2075,not by 2075,61.85,not by 2075,not by 2075,not by 2075,60.37,not by 2075,not by 2075,not by 2075
United States,56.11,38.26,2040,2051,not by 2075,35.79,2038,2047,not by 2075,33.78,2037,2045,not by 2075
