launch,year,years_ahead,model,mae_white_pp,worst_state_white_pp,national_white_error_pp
1995,2000,5,projection,0.76,3.42,0.43
1995,2000,5,naive: shares unchanged,2.44,7.14,2.85
1995,2000,5,naive: trend continues,0.73,2.51,0.31
1995,2005,10,projection,1.42,6.27,0.57
1995,2005,10,naive: shares unchanged,4.6,13.02,5.38
1995,2005,10,naive: trend continues,1.35,6.35,0.28
1995,2010,15,projection,2.08,10.5,0.61
1995,2010,15,naive: shares unchanged,6.7,18.12,7.84
1995,2010,15,naive: trend continues,1.95,11.35,0.15
1995,2015,20,projection,2.47,12.01,0.14
1995,2015,20,naive: shares unchanged,8.4,21.22,9.7
1995,2015,20,naive: trend continues,2.38,13.35,-0.6
1995,2020,25,projection,2.84,14.03,-0.42
1995,2020,25,naive: shares unchanged,10.03,24.53,11.54
1995,2020,25,naive: trend continues,2.83,15.84,-1.36
2000,2005,5,projection,0.42,2.41,-0.31
2000,2005,5,naive: shares unchanged,2.17,5.88,2.51
2000,2005,5,naive: trend continues,0.45,2.67,-0.36
2000,2010,10,projection,0.91,4.05,-0.72
2000,2010,10,naive: shares unchanged,4.26,10.98,4.95
2000,2010,10,naive: trend continues,0.97,4.69,-0.82
2000,2015,15,projection,1.55,5.34,-1.65
2000,2015,15,naive: shares unchanged,5.96,14.07,6.8
2000,2015,15,naive: trend continues,1.81,7.36,-1.9
2000,2020,20,projection,2.28,6.88,-2.66
2000,2020,20,naive: shares unchanged,7.59,17.38,8.63
2000,2020,20,naive: trend continues,2.68,11.19,-3.03
2005,2010,5,projection,0.28,1.34,-0.18
2005,2010,5,naive: shares unchanged,2.1,5.1,2.43
2005,2010,5,naive: trend continues,0.25,1.15,-0.1
2005,2015,10,projection,0.79,1.87,-0.93
2005,2015,10,naive: shares unchanged,3.8,8.2,4.26
2005,2015,10,naive: trend continues,0.76,3.56,-0.82
2005,2020,15,projection,1.45,3.19,-1.81
2005,2020,15,naive: shares unchanged,5.43,11.51,6.07
2005,2020,15,naive: trend continues,1.33,6.13,-1.59
2010,2015,5,projection,0.64,2.54,-0.58
2010,2015,5,naive: shares unchanged,1.69,3.12,1.82
2010,2015,5,naive: trend continues,0.66,3.0,-0.62
2010,2020,10,projection,1.2,4.03,-1.3
2010,2020,10,naive: shares unchanged,3.33,6.41,3.62
2010,2020,10,naive: trend continues,1.26,5.51,-1.28
