scenario,year,population,white_population,share_white,share_hispanic,share_other
as_2015_25,2025,341784857,191766696,56.11,20.52,23.37
as_2015_25,2030,348870758,187506067,53.75,22.03,24.23
as_2015_25,2035,354278850,181904236,51.34,23.58,25.08
as_2015_25,2040,358217564,175307928,48.94,25.17,25.89
as_2015_25,2045,361167511,168233605,46.58,26.76,26.66
as_2015_25,2050,363658858,161192556,44.33,28.31,27.37
as_2015_25,2055,366072846,154548735,42.22,29.78,28.0
as_2015_25,2060,368335785,148241789,40.25,31.18,28.58
as_2015_25,2065,370282216,142036789,38.36,32.54,29.1
as_2015_25,2070,371681898,135728421,36.52,33.91,29.58
as_2015_25,2075,372640813,129415023,34.73,35.26,30.01
half,2025,341784857,191766696,56.11,20.52,23.37
half,2030,345490435,187113271,54.16,21.82,24.03
half,2035,347193602,181092705,52.16,23.17,24.67
half,2040,347109016,174057251,50.14,24.56,25.29
half,2045,345702553,166526047,48.17,25.97,25.86
half,2050,343535567,159015740,46.29,27.33,26.38
half,2055,341032987,151896169,44.54,28.63,26.83
half,2060,338158157,145114047,42.91,29.85,27.23
half,2065,334769416,138440077,41.35,31.05,27.6
half,2070,330674784,131674532,39.82,32.25,27.93
half,2075,326029455,124920285,38.32,33.44,28.24
none,2025,341784857,191766696,56.11,20.52,23.37
none,2030,342007262,186729208,54.6,21.59,23.81
none,2035,339932969,180309858,53.04,22.72,24.24
none,2040,335810991,172868159,51.48,23.89,24.63
none,2045,330113241,164926209,49.96,25.06,24.98
none,2050,323429531,157005017,48.54,26.19,25.26
none,2055,316221443,149479931,47.27,27.24,25.49
none,2060,308486584,142303468,46.13,28.21,25.66
none,2065,300104983,135251947,45.07,29.13,25.8
none,2070,290921812,128131148,44.04,30.04,25.92
none,2075,281141440,121047254,43.06,30.92,26.02
