definition,year,p2.5,p10,p25,p50,p75,p90,p97.5
white_alone_not_hispanic,2025,56.11,56.11,56.11,56.11,56.11,56.11,56.11
white_alone_not_hispanic,2030,52.75,53.11,53.43,53.79,54.14,54.46,54.82
white_alone_not_hispanic,2035,48.75,49.79,50.55,51.42,52.3,53.14,54.0
white_alone_not_hispanic,2040,44.73,46.36,47.71,49.08,50.51,51.75,53.31
white_alone_not_hispanic,2045,40.49,43.0,44.92,46.82,48.75,50.51,52.61
white_alone_not_hispanic,2050,36.34,39.69,42.22,44.64,47.15,49.37,51.93
white_alone_not_hispanic,2055,32.74,36.57,39.74,42.66,45.63,48.28,51.49
white_alone_not_hispanic,2060,29.32,33.69,37.46,40.74,44.26,47.43,50.98
white_alone_not_hispanic,2065,26.14,31.06,35.16,39.0,42.87,46.48,50.61
white_alone_not_hispanic,2070,23.15,28.51,32.99,37.27,41.58,45.51,50.25
white_alone_not_hispanic,2075,20.54,26.18,31.11,35.71,40.2,44.54,49.72
white_alone_or_mixed,2025,59.39,59.39,59.39,59.39,59.39,59.39,59.39
white_alone_or_mixed,2030,56.21,56.59,56.93,57.3,57.66,58.0,58.37
white_alone_or_mixed,2035,52.37,53.45,54.26,55.16,56.06,56.96,57.84
white_alone_or_mixed,2040,48.41,50.14,51.57,53.03,54.53,55.81,57.46
white_alone_or_mixed,2045,44.26,46.92,48.98,50.95,53.02,54.87,57.03
white_alone_or_mixed,2050,40.07,43.69,46.36,48.99,51.62,53.98,56.69
white_alone_or_mixed,2055,36.49,40.63,44.03,47.14,50.29,53.14,56.53
white_alone_or_mixed,2060,33.1,37.73,41.85,45.34,49.14,52.42,56.25
white_alone_or_mixed,2065,29.85,35.2,39.58,43.71,47.91,51.68,56.14
white_alone_or_mixed,2070,26.84,32.64,37.53,42.12,46.71,50.93,55.96
white_alone_or_mixed,2075,23.94,30.2,35.63,40.67,45.56,50.16,55.69
white_incl_hispanic_white,2025,76.81,76.81,76.81,76.81,76.81,76.81,76.81
white_incl_hispanic_white,2030,75.51,75.68,75.82,75.98,76.12,76.26,76.41
white_incl_hispanic_white,2035,73.96,74.44,74.81,75.17,75.55,75.88,76.29
white_incl_hispanic_white,2040,72.37,73.18,73.83,74.43,75.03,75.58,76.22
white_incl_hispanic_white,2045,70.8,71.96,72.89,73.76,74.59,75.33,76.23
white_incl_hispanic_white,2050,69.21,70.8,72.02,73.15,74.24,75.16,76.26
white_incl_hispanic_white,2055,67.61,69.81,71.25,72.65,73.97,75.06,76.4
white_incl_hispanic_white,2060,66.22,68.85,70.55,72.19,73.73,75.02,76.5
white_incl_hispanic_white,2065,64.82,67.95,69.92,71.83,73.51,75.09,76.69
white_incl_hispanic_white,2070,63.46,67.03,69.31,71.49,73.35,75.11,76.91
white_incl_hispanic_white,2075,62.1,66.09,68.77,71.18,73.25,75.17,77.19
