state,white_share_2025,share_2050_median,share_2050_low,share_2050_high,share_2075_median,share_2075_low,share_2075_high,prob_below_half_by_2050,prob_below_half_by_2075,below_half_median,below_half_early,below_half_late,alone_or_mixed_prob_below_half_by_2075,alone_or_mixed_below_half_median
Alabama,62.47,56.6,52.6,60.0,50.9,41.0,58.5,0.022,0.445,not by 2075,2056,not by 2075,0.212,not by 2075
Alaska,56.76,43.8,36.2,51.6,30.5,18.2,44.3,0.855,0.962,2039,2034,2056,0.814,2058
Arizona,51.21,38.9,32.6,45.1,31.1,20.6,42.0,0.997,0.999,2027,2027,2028,0.967,2034
Arkansas,67.58,59.0,54.2,63.6,51.4,40.2,60.9,0.016,0.436,not by 2075,2057,not by 2075,0.211,not by 2075
California,32.53,21.6,16.8,27.1,14.3,8.0,23.0,1.0,1.0,before 2025,before 2025,before 2025,1.0,before 2025
Colorado,63.09,49.7,42.7,56.3,38.8,26.5,51.2,0.523,0.884,2049,2041,not by 2075,0.745,2060
Connecticut,60.89,43.4,36.3,51.0,29.5,18.7,42.5,0.871,0.981,2041,2036,2052,0.951,2045
Delaware,56.55,43.8,39.0,48.8,33.3,24.5,42.2,0.945,0.99,2038,2035,2046,0.953,2047
District of Columbia,37.65,36.7,28.7,45.2,35.1,23.1,49.7,1.0,1.0,before 2025,before 2025,before 2025,1.0,before 2025
Florida,49.86,38.7,32.1,45.5,32.4,21.8,44.3,1.0,1.0,before 2025,before 2025,before 2025,0.982,2030
Georgia,47.85,36.7,32.9,40.3,28.5,21.7,35.1,1.0,1.0,before 2025,before 2025,before 2025,1.0,2027
Hawaii,21.47,18.5,13.6,24.2,17.9,9.8,28.6,1.0,1.0,before 2025,before 2025,before 2025,1.0,before 2025
Idaho,77.84,69.2,61.0,76.4,61.8,44.5,75.9,0.002,0.183,not by 2075,2066,not by 2075,0.107,not by 2075
Illinois,56.71,46.7,40.4,52.6,37.4,25.4,49.1,0.774,0.93,2042,2036,2066,0.814,2051
Indiana,73.46,60.5,55.5,64.9,48.3,37.5,57.4,0.007,0.595,2071,2057,not by 2075,0.324,not by 2075
Iowa,81.03,67.1,61.2,72.3,52.5,39.9,63.4,0.0,0.393,not by 2075,2063,not by 2075,0.219,not by 2075
Kansas,71.15,60.8,54.5,66.2,50.3,36.1,62.5,0.019,0.49,not by 2075,2056,not by 2075,0.288,not by 2075
Kentucky,79.59,68.4,63.7,72.6,57.0,45.8,66.2,0.0,0.208,not by 2075,2069,not by 2075,0.082,not by 2075
Louisiana,54.74,46.0,41.4,50.3,36.8,27.6,45.6,0.886,0.977,2039,2034,2051,0.912,2049
Maine,89.26,80.0,74.0,84.8,70.4,56.5,80.8,0.0,0.038,not by 2075,not by 2075,not by 2075,0.014,not by 2075
Maryland,45.28,32.3,28.3,36.4,21.6,14.7,28.9,1.0,1.0,before 2025,before 2025,before 2025,1.0,before 2025
Massachusetts,66.31,48.7,42.8,54.2,33.8,24.0,43.7,0.621,0.981,2048,2043,2059,0.929,2054
Michigan,71.93,64.1,59.8,67.7,56.4,46.3,64.4,0.001,0.193,not by 2075,2069,not by 2075,0.066,not by 2075
Minnesota,74.3,59.0,54.4,63.2,43.9,34.8,52.2,0.01,0.819,2065,2055,not by 2075,0.527,2074
Mississippi,54.72,48.8,45.0,52.6,42.6,34.4,50.7,0.665,0.893,2045,2037,not by 2075,0.734,2059
Missouri,75.41,67.9,63.5,71.6,60.1,49.7,68.5,0.0,0.108,not by 2075,2074,not by 2075,0.037,not by 2075
Montana,83.21,76.0,70.0,81.2,69.5,55.3,79.9,0.0,0.048,not by 2075,not by 2075,not by 2075,0.015,not by 2075
Nebraska,73.27,57.2,51.0,62.7,41.9,29.6,53.6,0.072,0.82,2061,2051,not by 2075,0.615,2070
Nevada,42.32,26.4,21.0,32.1,16.8,10.2,24.8,1.0,1.0,before 2025,before 2025,before 2025,1.0,before 2025
New Hampshire,86.92,77.1,71.7,81.6,67.0,53.7,77.1,0.0,0.056,not by 2075,not by 2075,not by 2075,0.029,not by 2075
New Jersey,49.58,36.7,31.2,42.3,26.9,18.1,37.1,1.0,1.0,before 2025,before 2025,before 2025,0.999,2028
New Mexico,35.15,24.0,18.8,29.7,16.6,9.3,26.4,1.0,1.0,before 2025,before 2025,before 2025,1.0,before 2025
New York,51.53,42.9,36.3,50.0,35.4,23.6,48.7,0.931,0.963,2030,2028,2042,0.885,2038
North Carolina,58.68,48.3,43.8,52.8,40.4,31.1,49.0,0.685,0.93,2046,2040,2067,0.737,2059
North Dakota,79.7,59.4,46.0,70.7,38.4,18.4,60.5,0.171,0.75,2061,2047,not by 2075,0.647,2068
Ohio,74.53,62.8,58.9,66.4,50.5,41.4,58.4,0.001,0.467,not by 2075,2062,not by 2075,0.167,not by 2075
Oklahoma,58.74,45.8,40.5,50.7,34.0,24.1,44.0,0.865,0.984,2042,2037,2052,0.733,2064
Oregon,69.79,54.4,46.8,61.3,40.2,26.3,54.1,0.228,0.825,2058,2047,not by 2075,0.59,2070
Pennsylvania,71.83,57.9,52.2,63.2,43.7,31.7,54.9,0.044,0.768,2064,2053,not by 2075,0.567,2072
Rhode Island,66.47,48.6,41.5,55.4,33.3,21.4,45.6,0.601,0.96,2048,2042,2064,0.901,2053
South Carolina,61.91,57.7,53.1,61.7,53.4,43.3,61.7,0.02,0.317,not by 2075,2058,not by 2075,0.143,not by 2075
South Dakota,78.03,64.9,56.6,72.1,50.6,33.8,65.7,0.011,0.487,not by 2075,2057,not by 2075,0.316,not by 2075
Tennessee,69.97,62.1,56.9,66.8,54.8,43.0,64.8,0.005,0.286,not by 2075,2063,not by 2075,0.14,not by 2075
Texas,37.26,26.3,21.8,30.9,19.8,12.8,27.6,1.0,1.0,before 2025,before 2025,before 2025,1.0,before 2025
Utah,72.91,61.3,54.0,67.9,50.3,35.9,63.5,0.028,0.488,not by 2075,2055,not by 2075,0.32,not by 2075
Vermont,89.41,82.8,76.3,87.6,75.8,61.9,85.8,0.0,0.022,not by 2075,not by 2075,not by 2075,0.007,not by 2075
Virginia,56.98,45.4,40.5,50.1,35.6,26.4,44.2,0.898,0.984,2040,2036,2050,0.845,2054
Washington,60.82,43.3,36.9,49.5,30.2,20.1,41.0,0.913,0.988,2040,2036,2049,0.917,2051
West Virginia,88.72,82.0,78.3,85.3,73.7,63.3,81.5,0.0,0.008,not by 2075,not by 2075,not by 2075,0.003,not by 2075
Wisconsin,77.67,67.6,62.8,71.8,57.2,45.2,66.8,0.0,0.212,not by 2075,2068,not by 2075,0.102,not by 2075
Wyoming,81.16,71.3,59.2,80.9,58.6,32.8,80.3,0.019,0.335,not by 2075,2059,not by 2075,0.236,not by 2075
United States,56.11,44.6,39.7,49.4,35.7,26.2,44.5,0.924,0.984,2038,2035,2047,0.906,2047
